time,seconds_elapsed,yaw,qx,qz,roll,qw,qy,pitch
1726398285152701200,0.038701171875,-2.2201072304555636,0.019241209558958392,0.890251969705534,0.08137373005784251,0.43623590085648034,0.12953501208479776,-0.250021728365839
1726398285162750000,0.04875,-2.22047828172826,0.020072923906044156,0.8903192558982576,0.07938949395999279,0.4362047438318458,0.129050998513183,-0.2498978537557821
1726398285172798200,0.058798095703125,-2.2210195013535214,0.02088197594330215,0.8904199981146934,0.07746887672303102,0.43608982926343237,0.12861555547772108,-0.24984787436978712
1726398285182847000,0.068846923828125,-2.2215700685487314,0.02153434233910798,0.890513285323336,0.0760464839999838,0.4359250269234029,0.1284198753046906,-0.25009285612907245
1726398285192895200,0.078895263671875,-2.221976898265008,0.021957072047103395,0.890567327839093,0.0753190665801817,0.43576568098242907,0.12851503734062258,-0.2506553302348042
1726398285202944000,0.088944091796875,-2.2221229967725415,0.022219184605408004,0.8905614529980217,0.07507479264839603,0.435683764448693,0.12878820295071083,-0.25138812733698385
1726398285212992300,0.0989921875,-2.2221197205968113,0.022332461126237765,0.8905323387363475,0.07512082299042212,0.43565531255791795,0.12906479992109932,-0.2519896520922002
1726398285223041000,0.109041015625,-2.222080860083754,0.02237021776396923,0.8905192725708958,0.07508591398016785,0.4356710203846675,0.1290960593149873,-0.2520783564680817
1726398285233089300,0.11908935546875,-2.2220551209144523,0.022547267392117175,0.8905335483506472,0.07440583043583783,0.43575176767952134,0.12869331093762598,-0.25150453869776623
1726398285243138000,0.129137939453125,-2.2221473800334457,0.023040514641949145,0.8905856712857312,0.07275693022042612,0.43586324406965693,0.12786578820285277,-0.250445829667988
1726398285253186300,0.139186279296875,-2.22252194183657,0.023895920581767906,0.8907005746643849,0.070113983797411,0.43592297026691423,0.12669942561890216,-0.2491043603635344
1726398285263235000,0.149235107421875,-2.223208408752196,0.025274135945010063,0.8908740757985751,0.06617173222429744,0.4359296418910275,0.12517973787229333,-0.2475962841642056
1726398285273283000,0.159282958984375,-2.223875296166345,0.02717274103790781,0.891035423163554,0.060943670785589966,0.43602991339251207,0.12326958544453523,-0.245840243140947
1726398285283332000,0.16933203125,-2.2236401990607972,0.02882651868418513,0.8910347842901576,0.05603481729848284,0.4365336293258022,0.12109720598144126,-0.2433663482274676
1726398285293380000,0.179380126953125,-2.2221815774916225,0.02988723813869832,0.8908163428387185,0.052235813826798864,0.43753706684069166,0.11880383186739635,-0.24011912879333883
1726398285303429000,0.18942919921875,-2.219399300253907,0.030566635138307048,0.8903397708182934,0.049204158187902816,0.43909580282843536,0.11642814017025686,-0.2363591569483911
1726398285313477000,0.19947705078125,-2.2156233303413,0.03084769648389488,0.8896595219422953,0.047118815085663006,0.4410392353120734,0.11418736703772266,-0.23247417637133905
1726398285323526100,0.209526123046875,-2.2117782794963325,0.030043207637899184,0.8889891954960069,0.04753554815114722,0.44286114595762016,0.1125592799287164,-0.22872704550243259
1726398285333574100,0.21957421875,-2.2086869682409573,0.027784674325199505,0.8885238800966727,0.05112214413164951,0.4441696761470682,0.1116540278715622,-0.22499014932345704
1726398285343623200,0.229623046875,-2.206719391135764,0.024797099695449867,0.8883099651113415,0.05629388183025977,0.4448870675058554,0.11120282826850618,-0.22143414736468087
1726398285353672000,0.239671875,-2.205586230561743,0.022002961064895406,0.8882436790071864,0.061186338914620754,0.44523328470450385,0.11093466606375578,-0.21839900085561093
1726398285363720200,0.24972021484375,-2.2046043766141015,0.019663022826355223,0.8881708873976957,0.06530877991834608,0.4455368706062018,0.1107376858399242,-0.21590262103459962
1726398285373769000,0.25976904296875,-2.203657341546037,0.017724111914002357,0.8880811254637263,0.06865463964251456,0.445859613338818,0.11048504706914251,-0.21366635703905526
1726398285383817200,0.269817138671875,-2.2030566988864466,0.016260273255423587,0.88805942580325,0.0708119691559675,0.446101329966605,0.10990732429256579,-0.21128441963072908
1726398285393866000,0.279865966796875,-2.20309073537231,0.015418902063449268,0.8881860372725192,0.07117132883616874,0.446184902145455,0.10865909635673868,-0.20828098926174815
1726398285403914200,0.289914306640625,-2.204067196668351,0.015275882222050627,0.8885343880734748,0.06944813801883075,0.4459908763436803,0.10660833318170826,-0.204498513409138
1726398285413963000,0.299962890625,-2.2059701297998715,0.01577862920364824,0.8890941414966285,0.06587351669583467,0.4454983224140667,0.1038941649796118,-0.20013546380392253
1726398285424011300,0.31001123046875,-2.2084028327717053,0.016742427351782097,0.8897613309015836,0.06117945326851537,0.4448179351210579,0.10090389003394971,-0.19570224495704772
1726398285434060000,0.32006005859375,-2.2108967460654942,0.017782177527047246,0.8904221177642107,0.05654003894575445,0.44407819015819006,0.09811572740840449,-0.19169404443329155
1726398285444108000,0.33010791015625,-2.2131709162020226,0.018547674659756517,0.8910055197285427,0.05303985449184169,0.4433372611175454,0.09600659193847352,-0.18864749526064276
1726398285454157000,0.340156982421875,-2.2151332323425224,0.01880714406958001,0.8914827328410567,0.05144865420807144,0.44259063024900636,0.0949651492520178,-0.18705625728955894
1726398285464205000,0.350205078125,-2.216632031720846,0.018600955964169844,0.8918233904431342,0.05164926621877287,0.44191950125417245,0.09493270528134595,-0.1868520504550049
1726398285474254000,0.360254150390625,-2.2175121428168274,0.018335061905619402,0.8919977875048006,0.05254285063195499,0.44145903793126656,0.09548626724456605,-0.18763449804628637
1726398285484302000,0.370302001953125,-2.2179500512275663,0.018395596266219356,0.8920442591015822,0.05312603428725239,0.4411856383811155,0.09630091188392813,-0.1891672819589522
1726398285494351000,0.38035107421875,-2.21815959362413,0.01890894705690304,0.8920125706765341,0.05299936598084029,0.4410292335834372,0.09720738534929847,-0.19126320461139837
1726398285504399000,0.390399169921875,-2.218268168093771,0.019900039613492612,0.8919400166185802,0.051921011588468534,0.4409568729522343,0.09800010937910174,-0.19357725316606728
1726398285514448100,0.4004482421875,-2.2183543598705,0.021298303756243673,0.8918568911033606,0.049840941896784556,0.4409503177548605,0.09849104151527535,-0.1957097817150861
1726398285524497200,0.4104970703125,-2.218623083012508,0.022830508869635335,0.8918239535125365,0.047190512523415266,0.4409077733908484,0.09863628114466849,-0.1973431003358188
1726398285534545200,0.420545166015625,-2.219287625823852,0.024204261172547075,0.8918999519507852,0.04453730209565252,0.4407099150644807,0.09850607811192182,-0.19834724315139926
1726398285544594200,0.43059423828125,-2.220268001938388,0.025329120561731137,0.8920696398010115,0.04211120705524494,0.4403789762765363,0.09816616755508922,-0.19875698465117153
1726398285554642200,0.44064208984375,-2.2213698449489487,0.02608520899015019,0.8922892471178941,0.040288485154102834,0.4399771397955027,0.0977730849156544,-0.19874331159657904
1726398285564691000,0.45069091796875,-2.2223884806368863,0.02644621406179862,0.8925074331893317,0.039274626340049947,0.43957789866796343,0.09747984155688649,-0.19855538872912115
1726398285574739200,0.4607392578125,-2.223101782360931,0.026691040392566173,0.8926607777724351,0.03857552261520029,0.4392981483906965,0.09727042802849466,-0.19840884397792002
1726398285584788000,0.4707880859375,-2.2235990116932,0.026997949730249167,0.8927584554753398,0.03785619492373523,0.43910969848084414,0.09713928680309986,-0.19845405241676214
1726398285594836200,0.480836181640625,-2.2243238794974456,0.0272368830647854,0.8929003421338164,0.03737398213240397,0.43880157651273766,0.09716188713122106,-0.19872026094725193
1726398285604885000,0.490885009765625,-2.2256119457453787,0.027255831515172683,0.8931683873060531,0.037365460379504015,0.43821611691852685,0.09733448633177444,-0.19907232448482634
1726398285614933000,0.50093310546875,-2.227415587231983,0.02697891098519298,0.8935632926035846,0.03787110813516225,0.43738073029348545,0.09754405108124978,-0.1992392405793075
1726398285624982000,0.51098193359375,-2.2294422585808182,0.02636432448766443,0.8940255645095836,0.03896469675565275,0.4364253914356414,0.09775544146324196,-0.19911699395649396
1726398285635030000,0.521030029296875,-2.231441892922297,0.025488863343432394,0.8944926630070332,0.04057741837822736,0.43546023094539665,0.09801816340295723,-0.19885990064583722
1726398285645079000,0.5310791015625,-2.233191803004818,0.024519435944774626,0.8949044955857327,0.042458204168507124,0.4345910408694989,0.09836335983149888,-0.19866776941274578
1726398285655127000,0.541126953125,-2.234576313388409,0.023664817074546905,0.8952239347131625,0.044248549011112616,0.43388099230458527,0.09879906386884743,-0.19873562641811868
1726398285665176000,0.551176025390625,-2.2355656431289024,0.022998240567646593,0.8954432339045263,0.04579092392560211,0.4333512100462987,0.09929378051977983,-0.19906871005882518
1726398285675224000,0.56122412109375,-2.236155249340334,0.022413539437482456,0.8955699597034238,0.0472469091045363,0.4330005451978306,0.09981311349266783,-0.19951033393256745
1726398285685273000,0.571273193359375,-2.236321667114489,0.021872708632985363,0.8956066331082432,0.04861458669400127,0.4328456909750844,0.1002743600145376,-0.19987597782914474
1726398285695322000,0.581322021484375,-2.236034782449551,0.021431209691835654,0.895546854338024,0.0497565524513445,0.4329084205887284,0.10063172132822021,-0.20012959947702216
1726398285705370000,0.5913701171875,-2.2353180798523313,0.021091070766335998,0.8953884517658453,0.05077090296405398,0.43316648452836665,0.10100272577679516,-0.2004856110102385
1726398285715419100,0.601419189453125,-2.2342014881252594,0.020767977519541483,0.8951345503782563,0.05191582014102842,0.43358806149399126,0.1015100409766528,-0.20109234614758137
1726398285725467100,0.611467041015625,-2.232827041660073,0.020415683349766286,0.8948145914139429,0.05330851528092898,0.43410118937630426,0.10220691634164872,-0.2020085332255264
1726398285735516200,0.62151611328125,-2.231554410936018,0.019945910027703448,0.8945084328036359,0.055099520927263654,0.4345369262056365,0.10312350051105529,-0.20322004159674964
1726398285745564200,0.631564208984375,-2.23057163146536,0.019350340488662573,0.894265129862374,0.057167425584818105,0.4348251358772421,0.10412756126784536,-0.2044854151890969
1726398285755613200,0.64161328125,-2.229843096653158,0.01865823289823106,0.8940905328340985,0.05924783359720911,0.43500979977947246,0.10497793370425665,-0.20539368084693416
1726398285765661000,0.651660888671875,-2.229394759992445,0.01789433588257841,0.893998015136731,0.06116658524880174,0.4350978549218611,0.10553327438402713,-0.20571246000653057
1726398285775710200,0.661710205078125,-2.229333292875204,0.01712727057306823,0.8940077158447693,0.06277721109221666,0.4350485673439298,0.10578128380642055,-0.205483954360952
1726398285785758000,0.671758056640625,-2.2297542140515176,0.016394276009305684,0.8941282468709011,0.06414574102010495,0.43480448776902136,0.105882355328466,-0.20503499197123046
1726398285795807200,0.68180712890625,-2.230695830629296,0.015615416830552826,0.8943589785685772,0.0655913119340719,0.43432079218558756,0.10603679468010191,-0.2046598486080725
1726398285805855000,0.69185498046875,-2.2320065092947954,0.014621784412618582,0.8946595321393589,0.06764932016177391,0.4336257917742231,0.10648609993021667,-0.20464376823379618
1726398285815904300,0.701904296875,-2.233356785271252,0.013075605883120634,0.8949512241664269,0.0712748204032521,0.4328019780482851,0.10758127323649937,-0.20531778502646325
1726398285825952000,0.711951904296875,-2.234425095898468,0.01082370944672926,0.8951725735248144,0.0767209474807394,0.4319854493844246,0.10925908935722735,-0.20642575168763722
1726398285836001300,0.722001220703125,-2.2351500250800282,0.008032102095478583,0.8953308973289321,0.0832443400435633,0.43127068168449495,0.11101225128893301,-0.20719266073767184
1726398285846049000,0.732049072265625,-2.2357511209531378,0.005008965454226751,0.8954785483032991,0.08997185010721732,0.4306212968845267,0.11250926628497472,-0.20729462853909075
1726398285856098000,0.74209814453125,-2.2362945293557672,0.001988999860589746,0.8956130080556122,0.09656679178668011,0.4300119559960873,0.11385571573871626,-0.2071298069863987
1726398285866147000,0.75214697265625,-2.2365672874748044,-0.0007065557767411616,0.8956658942565621,0.10265726836186263,0.42953130929112543,0.11526096934808543,-0.20734619214809016
1726398285876195000,0.762195068359375,-2.2363354001457414,-0.002837045313928121,0.895578513249375,0.10790439396154608,0.4292874092840669,0.11680513870374115,-0.20828321969126087
1726398285886244000,0.772244140625,-2.235638233785161,-0.004458597447611513,0.8953612633365406,0.11245267971135706,0.42925131377774806,0.11853988970552463,-0.20998408369467397
1726398285896292000,0.7822919921875,-2.2347524583347114,-0.005852760021515646,0.8950763727467317,0.11686307411387202,0.42926765773951314,0.12055443571835615,-0.21237900983852417
1726398285906341400,0.79234130859375,-2.2340009175793796,-0.007465320699364123,0.8947898973833744,0.1220902298250913,0.42913103152356114,0.1230523886573528,-0.21546824263229003
1726398285916389000,0.80238916015625,-2.2450105394738413,-0.010090936567681664,0.8969714742704403,0.12834247838127336,0.42360739304881395,0.12608359965383742,-0.219393390047232
1726398285926438400,0.8124384765625,-2.2446251649828026,-0.011956930433723902,0.8966748239035897,0.13499740349550074,0.42308704632123123,0.12972537473145945,-0.2244039641746658
1726398285936486100,0.822486083984375,-2.2441307213484123,-0.01344131681572435,0.8963049608741963,0.14141096558013963,0.4225413815623888,0.1338492694985799,-0.2306193328605653
1726398285946535400,0.832535400390625,-2.2437034175738737,-0.014697393380636175,0.8959015950352698,0.1478213558217306,0.4218783690287583,0.13843014665014283,-0.23787557167448303
1726398285956583200,0.842583251953125,-2.243702922972722,-0.015984281675155053,0.8955543749868309,0.15451007159988794,0.42094027668795836,0.14330445515615267,-0.24568107796789035
1726398285966632400,0.852632568359375,-2.2442260080036025,-0.017535228936048478,0.8953168513107708,0.1615229165212063,0.41973336854009263,0.14806815445010063,-0.25310949454833725
1726398285976680200,0.86268017578125,-2.2458102272934886,-0.01945465582124857,0.8953334999985466,0.16862213686964647,0.41808559568320225,0.1523283797934998,-0.259401353749198
1726398285986729500,0.8727294921875,-2.248176361718796,-0.021450131421077285,0.8955552624081022,0.17515782252926085,0.4161840151792507,0.15592151451024341,-0.26449126924559585
1726398285996777200,0.882777099609375,-2.250569117861208,-0.022811770394947438,0.8958269500227654,0.17984943237630072,0.414453504468718,0.15875103619908,-0.26874124760794715
1726398286006826500,0.892826416015625,-2.252501045152897,-0.022930547093075973,0.8960335429004092,0.181779061666927,0.413147589479361,0.16095683020027732,-0.2728717448348657
1726398286016875300,0.902875244140625,-2.2536753090144956,-0.021283389842111998,0.8960947263164762,0.18016791875323254,0.4124247528620397,0.16268727525297927,-0.2775610109193691
1726398286026923300,0.91292333984375,-2.254059971167301,-0.01763069586202231,0.8959813311809613,0.1746603113356402,0.4123133662880073,0.16402578701511228,-0.28315806698921986
1726398286036972300,0.92297216796875,-2.2539036550203444,-0.012380752375761937,0.8957142407917202,0.16611134210356468,0.41264248940562176,0.1651332264803974,-0.2896394547102104
1726398286047020300,0.933020263671875,-2.2532240860607247,-0.0065099753346942535,0.895268055691525,0.15662197658768143,0.4132479887280924,0.16636957182990228,-0.29685085982716913
1726398286057069300,0.9430693359375,-2.251281211959413,-0.0009593281933808667,0.8944807427856201,0.14837700541937743,0.4142894877681868,0.16812939508118563,-0.30467392459700404
1726398286067117300,0.953117431640625,-2.247380499405155,0.004325804659603793,0.8932241658396944,0.14128320697429034,0.4160971915273264,0.1702791625310796,-0.3128744799820786
1726398286077166300,0.963166259765625,-2.241859511982818,0.010338525891004114,0.8915669721421995,0.132994085107561,0.41872569230909584,0.17225044164810646,-0.3213035008977062
1726398286087214300,0.97321435546875,-2.235456798261502,0.01792241027406503,0.8896240638812153,0.12150923937785997,0.4220153655325222,0.17363976617353952,-0.3300341059882449
1726398286097263400,0.983263427734375,-2.2290333878396518,0.02716960664137089,0.8875298470129548,0.10643550301020306,0.4256230553585045,0.17434897198240928,-0.3390675278817098
1726398286107311400,0.993311279296875,-2.223294214126045,0.03772300989232167,0.8853899644989461,0.08845381842231484,0.42917731622567323,0.17455228951036644,-0.348484091693358
1726398286117360400,1.0033603515625,-2.218724638736724,0.04919469695673018,0.8832648090200979,0.06845841308459583,0.4323757450536031,0.1745687718241885,-0.3585556388841519
1726398286127408400,1.013408447265625,-2.215622527546937,0.061091587226038385,0.8812020656889693,0.04758662562605367,0.43498719771621985,0.17474844000251785,-0.36947454851166905
1726398286137457400,1.02345751953125,-2.2139575440893813,0.07269960601726685,0.8792290195720783,0.02748054853537427,0.4368900763683352,0.17549379777030794,-0.3812941096592977
1726398286147505400,1.03350537109375,-2.2131347891847013,0.08314009860071635,0.8773104435233648,0.010242059454268185,0.4381719714335472,0.1772552363356693,-0.39398923722571744
1726398286157554400,1.043554443359375,-2.212168922897382,0.09219190390852731,0.875304773481786,-0.003471529572322727,0.4392102459204973,0.18010133663395542,-0.4074510896714629
1726398286167602200,1.053602294921875,-2.210130755285439,0.10050565203145327,0.8729835406408181,-0.014952676106542048,0.4405185532753823,0.1836892107874114,-0.42164784091258883
1726398286177651200,1.063651123046875,-2.2066813014699074,0.10916703194178243,0.8701483303125122,-0.026530341336369705,0.4424428534969305,0.18753321667535267,-0.436713580782224
1726398286187700200,1.0737001953125,-2.202454692999805,0.11904203125292888,0.866811106605335,-0.040422933780456465,0.4449239895690249,0.19107592769462536,-0.4524638559878029
1726398286197748200,1.083748291015625,-2.1985894325538347,0.13011026357122688,0.8631999142556516,-0.05709392336354999,0.44754383521619506,0.1940666369953274,-0.46844203211978835
1726398286207797200,1.09379736328125,-2.196026837600068,0.14133812349436822,0.8596631421769062,-0.07460780995157075,0.44973718158810333,0.1968231897172711,-0.4842370963265245
1726398286217845200,1.10384521484375,-2.195179671392225,0.15188825736148417,0.8564410239880802,-0.09122028904682507,0.45116810758832815,0.1997151873095162,-0.49967788852950035
1726398286227894300,1.113894287109375,-2.196176069838764,0.1618402154924994,0.8535716456045103,-0.1071787266617224,0.45181037927047885,0.20270838018892823,-0.514723770353391
1726398286237942300,1.1239423828125,-2.199021306401235,0.1716004087334083,0.8509776769116605,-0.12337539997535478,0.45175119899016747,0.20569700401806987,-0.529530848135467
1726398286247991300,1.1339912109375,-2.203649686944915,0.181567023514966,0.8485323624249838,-0.14060836939787283,0.45109983028705153,0.20865129786252007,-0.5443994663995437
1726398286258039300,1.144039306640625,-2.210071061039679,0.19241950922871084,0.846035306087927,-0.16037720224805105,0.4500146126857534,0.21138988884826906,-0.5596266054633956
1726398286268088300,1.15408837890625,-2.218035540454731,0.20463942494698611,0.8432518149521852,-0.1837452865038912,0.4487333579737517,0.21374601532260065,-0.5753643369900617
1726398286278136300,1.16413623046875,-2.227268611213465,0.21807720507540038,0.8400743916794902,-0.210319098225941,0.4473542859200537,0.21585043944899124,-0.5917043138780335
1726398286288185300,1.174185302734375,-2.23774855287014,0.2326059979837875,0.8364463633200728,-0.23985622058864056,0.44588728671531164,0.21779904638104572,-0.60868186401126
1726398286298233300,1.1842333984375,-2.249158487445827,0.248145289597148,0.8322367820832335,-0.2721365502542811,0.4444691517429613,0.2196658149577779,-0.6263774697950888
1726398286308282400,1.194282470703125,-2.260988709421409,0.26470582738923404,0.8272436588516687,-0.3070949662992227,0.4433345567014387,0.2214794251725735,-0.6449286001323273
1726398286318330400,1.204330322265625,-2.2726682795276987,0.2821528502773161,0.8213136022719538,-0.3443670300334899,0.44271032967631696,0.223251628903813,-0.6643444816892907
1726398286328379400,1.21437939453125,-2.2839297494293977,0.30015957968998513,0.8144734020670458,-0.38334070371240264,0.4426604415947361,0.22492004588126147,-0.6842865407565234
1726398286338428200,1.22442822265625,-2.2949307257360427,0.3184455826996512,0.8068963161042355,-0.4237547438545336,0.4430933637536243,0.22622788867330668,-0.7040200126130794
1726398286348476200,1.23447607421875,-2.3061696641388885,0.3368937973191823,0.798792787273924,-0.465811503507381,0.4438104203582247,0.22685876866811477,-0.7227641470427271
1726398286358525200,1.244525146484375,-2.3181708335165374,0.35528951388933017,0.7904162282368333,-0.5093512985761138,0.4445498042702027,0.22668707084251785,-0.739937893687022
1726398286368573200,1.2545732421875,-2.331042223613469,0.37329996900534673,0.7819836947626827,-0.5536122335699808,0.4451457253646974,0.22581836031055852,-0.7553153876818838
1726398286378622200,1.264622314453125,-2.344385933680407,0.39078757740827125,0.7735346259180045,-0.5980546739034998,0.4456578818104169,0.22431713542914564,-0.7689057814328067
1726398286388670200,1.274670166015625,-2.3577545288369284,0.4078655546739729,0.764931312438933,-0.642654440306207,0.44623773006159584,0.22225555837309133,-0.78105701225245
1726398286398719200,1.28471923828125,-2.3712071443300586,0.42471984736282015,0.7560128784965124,-0.6876832586698669,0.4469033188046451,0.21985211809660196,-0.7923986188655883
1726398286408767200,1.294767333984375,-2.385037174069848,0.4411910657208978,0.746849496421686,-0.7326658449470034,0.44751468104112957,0.21747881601649213,-0.8034087916910995
1726398286418816300,1.304816162109375,-2.399404657025158,0.456638977339857,0.7378457277066673,-0.7758708933693746,0.44784339040800414,0.2156402382662349,-0.8142688808959065
1726398286428864300,1.3148642578125,-2.4142872826766486,0.47037085213672225,0.7295388147040357,-0.8153671200320277,0.4476877964275214,0.21470916378893118,-0.8248351590713855
1726398286438913300,1.324913330078125,-2.4295899731095645,0.48220544003483257,0.7222149890257032,-0.8505504618457671,0.4469895829515855,0.21467130853956615,-0.8347955747273135
1726398286448961300,1.334961181640625,-2.445067995532058,0.4925229029893245,0.7157998768285938,-0.8823275632100619,0.4458694213881084,0.21506313913813987,-0.8436676716386093
1726398286459010300,1.34501025390625,-2.4603777310436747,0.502004729468328,0.7099471513220158,-0.9124155686947972,0.4445612756826799,0.21524789618640236,-0.8510500214514908
1726398286469058300,1.355058349609375,-2.47513247068922,0.5112048764547651,0.7042941640311712,-0.9421537497002291,0.4432956515626136,0.2147752101023885,-0.856813385083513
1726398286479107300,1.365107421875,-2.488936125462157,0.5202826200668511,0.6986560861925633,-0.9717510219239526,0.4422280862516177,0.21358865295367463,-0.8611881163140613
1726398286489155300,1.3751552734375,-2.5014215996026157,0.5291488417125867,0.6929801138631685,-1.0007247116367832,0.441464167934097,0.21187148165279648,-0.8646157279856552
1726398286499204400,1.385204345703125,-2.5125208858601726,0.5376513099515464,0.6873090755169484,-1.028529244589331,0.44100682443572864,0.20988167381981235,-0.8675130940242688
1726398286509253400,1.39525341796875,-2.5226505738673426,0.5456112296523896,0.6818094209201598,-1.0547128933479384,0.4406936019931144,0.20792677502131576,-0.8701530585817379
1726398286519301000,1.405301025390625,-2.532455049377008,0.5530312839253348,0.6765514756964722,-1.0794327673317385,0.4403494923181826,0.20622038712815463,-0.8727378439923134
1726398286529350400,1.415350341796875,-2.54262214193602,0.5601624184413674,0.6714235605005797,-1.1036134100781114,0.43985500629027197,0.2047831284339588,-0.875357988607743
1726398286539398100,1.425398193359375,-2.553818066697276,0.5673583639136035,0.6662415314300828,-1.1285110925053992,0.43910712562376947,0.203498772685294,-0.8779339811994141
1726398286549447400,1.435447509765625,-2.5664626142097964,0.5748313098375936,0.6608496246359796,-1.1549098924472203,0.4380645792870798,0.2023515581695816,-0.8805267233173133
1726398286559495200,1.4454951171875,-2.5804661442779206,0.5825819435122346,0.6551269895060882,-1.1828304377144516,0.4368323675040388,0.20145587855469152,-0.8834613582707774
1726398286569544200,1.455544189453125,-2.595402363984336,0.590505935203522,0.6489937150057585,-1.2118986892442174,0.4355964068013204,0.2009119767316255,-0.8870723905688941
1726398286579592200,1.46559228515625,-2.611016762401722,0.5983769878932502,0.6426301389108561,-1.2414013495931433,0.4343624914423373,0.2007504900063621,-0.891224164791036
1726398286589641200,1.47564111328125,-2.6272199466930495,0.6059418851495181,0.6363826165376077,-1.2705192758718344,0.43298853003854243,0.20092948177791176,-0.8954137631070492
1726398286599689200,1.485689208984375,-2.6437036428764022,0.6131196089567496,0.6303859081699114,-1.2988561324174104,0.43147029792168423,0.20132363295585987,-0.8993279231341689
1726398286609738200,1.49573828125,-2.660075211032019,0.620032379093918,0.6245349529497405,-1.3266205256825023,0.42991623027334563,0.20171287268936025,-0.9028211499737042
1726398286619786200,1.5057861328125,-2.6760699755526263,0.6269439494644004,0.6185915477181404,-1.3545153906349643,0.4284371871181892,0.20181018935765851,-0.9057502612667846
1726398286629835300,1.515835205078125,-2.69165588082794,0.6341103669531751,0.6123106852862851,-1.383328299733001,0.42709577502920165,0.20141735559900878,-0.9080602069500996
1726398286639884300,1.52588427734375,-2.706827358283891,0.6416236227225071,0.6055766217394059,-1.4133622889789341,0.42591497379537957,0.20048047845701666,-0.9097769086134025
1726398286649932300,1.535932373046875,-2.721500934767532,0.6493086585234108,0.5985564693712488,-1.4440128247898807,0.42483893771545056,0.19909843859793636,-0.9108848743558453
1726398286659981300,1.545981201171875,-2.7354103789015105,0.6568442464591028,0.591594356966683,-1.4740802710171266,0.4237915214693683,0.1974142923811408,-0.9113121852208077
1726398286670029300,1.556029296875,-2.7482558377825193,0.6640249227236267,0.584896701916436,-1.5027288548139153,0.422774064756984,0.19552190921598486,-0.9111112402448328
1726398286680078300,1.566078369140625,-2.7597519320587125,0.6708899733046475,0.5783814554974914,-1.5299737288114483,0.4218910225089775,0.19336371663515137,-0.9104190970701853
1726398286690126000,1.5761259765625,-2.7700390707025897,0.6775609161492475,0.571907791066585,-1.5562763841959086,0.42116599164822427,0.19092390501046347,-0.9093635606216999
1726398286700175400,1.58617529296875,-2.77956079576905,0.6840950533386594,0.565415491222038,-1.5820132401120939,0.4205412095771367,0.18832005511723302,-0.9081037008484383
1726398286710223000,1.59622314453125,-2.7886491441581445,0.6903718944714333,0.5590339023344452,-1.6069167028145224,0.41994519587843415,0.18577897774210594,-0.9068235295515321
1726398286720272400,1.6062724609375,-2.7974869784194984,0.6962008223947427,0.5530016420618087,-1.6303771116077663,0.41930129640631636,0.1835211108614344,-0.9056245322070507
1726398286730320100,1.616320068359375,-2.806130227354531,0.7015342361813611,0.5473921333241317,-1.6522250185104166,0.41860131077100177,0.1816162870300047,-0.9045659189106046
1726398286740369400,1.626369384765625,-2.8145065546760186,0.7065154336664233,0.5420720364040146,-1.6728883133882055,0.41788099520669986,0.17991499556683196,-0.9035562000067041
1726398286750417200,1.636417236328125,-2.822413695077925,0.711103027002881,0.5371717757049621,-1.6920269798294392,0.41710017604856886,0.17834368331737188,-0.9023810652665573
1726398286760466400,1.646466552734375,-2.829592212738136,0.7153256472845062,0.5326602973467948,-1.70961443263486,0.4163193593170044,0.17680665078674573,-0.9010249170126954
1726398286770514200,1.65651416015625,-2.835824441193371,0.719587964972909,0.5279705364901093,-1.7270983686763526,0.4157371571821277,0.17493708118591225,-0.8995420464605766
1726398286780563500,1.6665634765625,-2.8413744301325683,0.7243668539686868,0.5224985116355942,-1.7463514999891259,0.41540806106933853,0.17240681251531204,-0.8978365677856325
1726398286790612200,1.6766123046875,-2.8469022374697066,0.7298618896617993,0.5160562718120624,-1.7683301372367661,0.41516330163131293,0.1691949541417695,-0.8957083604536933
1726398286800660500,1.686660400390625,-2.8526423838746684,0.7358729703734225,0.5089791922007487,-1.7923034044853303,0.41478829474208356,0.1654749318724296,-0.8929252111969523
1726398286810709200,1.696709228515625,-2.858338996986655,0.741953837325822,0.5018282006438903,-1.8165148425117463,0.41421523299488483,0.1615510620942828,-0.8895666530724384
1726398286820757500,1.706757568359375,-2.863281924783808,0.7477432762396695,0.494915468885048,-1.8395105342045728,0.41364523346836607,0.1575956915358925,-0.8860728642934036
1726398286830806300,1.71680615234375,-2.866794964987005,0.7529884843994866,0.4884528178942499,-1.8602113904254138,0.4132853760651335,0.15367936120728062,-0.8828135648582035
1726398286840854300,1.726854248046875,-2.868845213229743,0.7576988187775242,0.4824416031262244,-1.8786270952503752,0.4131658175478773,0.14978874704232015,-0.8798434922019763
1726398286850903300,1.7369033203125,-2.869949096443855,0.7621422753798948,0.4765960422555158,-1.8959070625966576,0.4131954510928443,0.14582484871221615,-0.8770040253582787
1726398286860951300,1.746951416015625,-2.8710054850621263,0.7665902023799757,0.4706436255361595,-1.9133526511447414,0.41318970648920833,0.14180384436308724,-0.8741096901379896
1726398286871000300,1.757000244140625,-2.8729899926224367,0.7713538271794949,0.4642033044930922,-1.9325273137143657,0.41298317742947854,0.13774423561534468,-0.8710335166013714
1726398286881048300,1.76704833984375,-2.8763560483803605,0.7766411951331453,0.45700099231349633,-1.9544172498701018,0.4124738864635075,0.1335810268234898,-0.867604011987685
1726398286891097300,1.777097412109375,-2.8810971199097537,0.7824651764161159,0.4490087223939447,-1.9790829889363402,0.4116138020051089,0.12928109372481436,-0.8636880259500906
1726398286901145300,1.787145263671875,-2.8869058403753476,0.7887802654102674,0.4401773384434803,-2.006383761891377,0.4104826216859903,0.12479486155792188,-0.8593601146315969
1726398286911194000,1.797194091796875,-2.893325556682816,0.7955189725278743,0.43044524841945525,-2.03610530671191,0.40921348369130695,0.1200450917040643,-0.8547698368372046
1726398286921243100,1.8072431640625,-2.8998572229122455,0.8025273790745222,0.41995506474317934,-2.067556165955119,0.40787605073011407,0.11499885577365779,-0.8499571130770223
1726398286931291100,1.817291015625,-2.9062509774034746,0.8095559710680823,0.40912146550585404,-2.0995537905891446,0.40642827306697304,0.1097950363425501,-0.8448806385097932
1726398286941340200,1.827340087890625,-2.9123315518165303,0.8163312646382499,0.3983824400720589,-2.1308624766130952,0.4048967917420493,0.10465833239664067,-0.8397075726799016
1726398286951388200,1.83738818359375,-2.9175941594474195,0.8226777246915968,0.3880542273690491,-2.1604648205001924,0.40335492723374333,0.09959946282620145,-0.8345020586903046
1726398286961437200,1.847437255859375,-2.9215004089236527,0.8284590789247515,0.3784084027421022,-2.187468125356276,0.40189205995048055,0.09458096459947313,-0.8293354434905741
1726398286971485200,1.857485107421875,-2.923893511383578,0.8336857470191328,0.36943839112881605,-2.211843148398725,0.40057971110387575,0.08954989093894093,-0.8243131271566804
1726398286981534000,1.867533935546875,-2.9247412166948172,0.8384956362939121,0.3608336774213312,-2.2343367192438404,0.3995104031371543,0.08435451301407475,-0.8195684625319978
1726398286991582200,1.877582275390625,-2.9239794648886814,0.8428998853146166,0.3524514214526515,-2.2552080378851955,0.39882637530009685,0.07896475038068707,-0.8154058364178279
1726398287001631000,1.887630859375,-2.9215921441312407,0.8467755916854575,0.3444430587566571,-2.274024699500394,0.39865450341190545,0.07351567936093212,-0.8121758981059632
1726398287011679200,1.89767919921875,-2.917745285674134,0.8499635681298018,0.33714084723991994,-2.2900480391311717,0.39904745320972557,0.068258585544743,-0.8101304439260691
1726398287021728000,1.90772802734375,-2.912403157667535,0.8521741080545612,0.3312515332377434,-2.3015838912722253,0.40004315698822374,0.06353944945059053,-0.8094501165102279
1726398287031776300,1.9177763671875,-2.904998108120726,0.8530866725759619,0.3275617879065342,-2.306513244415138,0.40174484458654386,0.059561810402337635,-0.8102603947696652
1726398287041825000,1.927824951171875,-2.894823122952567,0.8525168400661711,0.32642783067418046,-2.3036048458947964,0.4043359374631284,0.05632371660676316,-0.8127457742243895
1726398287051874000,1.9378740234375,-2.881615996754617,0.8504771895069255,0.32764242894624157,-2.293079412343724,0.4079819832967061,0.0537551405559548,-0.8171282819712893
1726398287061922000,1.947922119140625,-2.8654857455203704,0.847110052297873,0.3307484623245227,-2.275923245329521,0.41271075210316605,0.051767525044888775,-0.8234084752486412
1726398287071971000,1.95797119140625,-2.8465781961481276,0.8425697139032996,0.33537990084305586,-2.2529816557101516,0.4184134310616753,0.050268672324325483,-0.8312927123037263
1726398287082019000,1.96801904296875,-2.825308155886088,0.8370778784903297,0.3411384492600706,-2.2253740187938065,0.4248606247436901,0.04917932744567056,-0.8402901902663203
1726398287092068000,1.978068115234375,-2.80233186404767,0.8308595382356713,0.34771121525520027,-2.1941991742425007,0.43176095654749747,0.048495741838794945,-0.8498637032877114
1726398287102116000,1.9881162109375,-2.7785146970219525,0.8240317348257835,0.35505076018828136,-2.160040830734738,0.43882411957904294,0.048414392842488226,-0.8596116551815968
1726398287112165000,1.9981650390625,-2.7541886779395637,0.8165600027506659,0.3633019477073817,-2.1227083856606415,0.4459037266295129,0.049105016322166684,-0.8693260655047175
1726398287122213000,2.008213134765625,-2.72911011625846,0.8083352691776131,0.37259326921196734,-2.0816785062733283,0.452997941953159,0.05060713787745328,-0.8789354837561497
1726398287132262100,2.01826220703125,-2.7028295020723254,0.7992472943563949,0.38299140817824084,-2.0364435370891476,0.46013628820787356,0.05287669247503214,-0.8883434108129509
1726398287142310100,2.02831005859375,-2.6747119256626313,0.7893006564950811,0.3942987972603144,-1.9870616079256387,0.46737166360971716,0.05564841224550567,-0.8973513326958364
1726398287152359000,2.03835888671875,-2.644208432662085,0.7786682241160158,0.40600428558197377,-1.9344394590659508,0.47477918265282604,0.05849046828857368,-0.9057459320453831
1726398287162407200,2.0484072265625,-2.611251352798566,0.7675505559185483,0.417691242662094,-1.8795943859413096,0.48235421695496605,0.061112105838109304,-0.9132831127484489
1726398287172456000,2.0584560546875,-2.576395191811704,0.7560470690153787,0.42924454488161595,-1.8231502517635865,0.49000099864124713,0.06356956208422013,-0.919834610998834
1726398287182505200,2.068505126953125,-2.5402000071791515,0.7440164326734159,0.44088271838500115,-1.7647228360898548,0.4976689033824368,0.0662387339990443,-0.9255550866774875
1726398287192553000,2.078552978515625,-2.5026997030117446,0.7310222472599096,0.4532193417033801,-1.7025370433089895,0.5053236526348097,0.06961781806946198,-0.9304852536879571
1726398287202602200,2.088602294921875,-2.463285169207358,0.716649306732308,0.4666416746451435,-1.634955976911333,0.5130264472517809,0.07391335724929254,-0.9345002234713888
1726398287212650000,2.09864990234375,-2.4212719911885667,0.700888475921295,0.4808236887099933,-1.5622085532742374,0.5209127446165662,0.07882768425225033,-0.9373763326875993
1726398287222699300,2.10869921875,-2.3767640400905985,0.6842146383758058,0.4949458600654478,-1.4866202686726158,0.5290213520732501,0.08375725219707758,-0.9387816223617671
1726398287232747000,2.1187470703125,-2.3312209520090703,0.6673395935630423,0.5083090938544788,-1.4115286197163555,0.5371210151381518,0.0882086892906847,-0.938307617935454
1726398287242796300,2.12879638671875,-2.2868971516342307,0.6508089652956871,0.5206812459486805,-1.339589234465681,0.5448333293388872,0.09217063742527405,-0.935924763030801
1726398287252844000,2.138843994140625,-2.245585790820646,0.6347073415048677,0.5323227054867236,-1.2714350340635368,0.5518510508407408,0.09612289477510706,-0.9320849063343499
1726398287262893300,2.148893310546875,-2.2076121266934408,0.6187802645821353,0.5436118451039846,-1.2060842234122333,0.5581193404660902,0.10049927906243399,-0.9272479917710198
1726398287272941000,2.158941162109375,-2.1716238383255204,0.6027375678528714,0.5546279092872861,-1.142197223754542,0.5639396801022745,0.10520174075992836,-0.9215023991467137
1726398287282990300,2.168990234375,-2.1355413636848892,0.5865717766661418,0.5650013083787285,-1.0794860837667697,0.5698393469860922,0.10949929558063559,-0.9144676406891614
1726398287293038000,2.1790380859375,-2.098260202775441,0.5705321377220789,0.5742656411757869,-1.0187735741997361,0.5761999938581259,0.11271951448385933,-0.9058390011603743
1726398287303087400,2.18908740234375,-2.0602742176917297,0.5548502224070492,0.5822828842799949,-0.9609645869564141,0.5830154833035929,0.11480820146810915,-0.8957439861510917
1726398287313136000,2.19913623046875,-2.0213323993704253,0.53895584834204,0.589506464397459,-0.904024415121684,0.5903105365234255,0.1163708937980518,-0.884353526121453
1726398287323184000,2.20918408203125,-1.9812995124573836,0.522111247696775,0.5965167500955068,-0.8456035298855934,0.5980219485063768,0.11805717116419666,-0.871529230734099
1726398287333233200,2.219233154296875,-1.9429574514429602,0.5049320999538415,0.6033236628819825,-0.7882936384665724,0.6055155633920544,0.11997944280893054,-0.8575798733223905
1726398287343281200,2.22928125,-1.906121451348046,0.48726754971727027,0.6099742510039823,-0.7315253188996659,0.6128174556442025,0.12229676501911525,-0.8426478896604563
1726398287353330200,2.239330078125,-1.8716979513684706,0.4693652808799581,0.616484060445658,-0.6762604585575664,0.6197032487626443,0.1249462039782006,-0.8268311138763179
1726398287363378000,2.2493779296875,-1.8398664046357174,0.4512614601462387,0.6229127590668002,-0.6228239397742364,0.6261228266522693,0.12772241852045044,-0.8098881511057392
1726398287373427200,2.25942724609375,-1.8113167633614897,0.43329228354399163,0.6292419463235351,-0.5725492039469366,0.6319400564263705,0.13024647486635188,-0.7916911882301717
1726398287383475000,2.269474853515625,-1.78632152709286,0.4157249694770888,0.6354196464273565,-0.5261975583156207,0.6371083741950312,0.13231654125374412,-0.7724287071207295
1726398287393524200,2.279524169921875,-1.7644010569788022,0.39853044333491855,0.6413997692551017,-0.4831831930538896,0.641715456032865,0.13409387686647384,-0.7525493222763027
1726398287403572000,2.289572021484375,-1.744936339166394,0.3819579611793196,0.6469242930711715,-0.44360548819555284,0.6459265985621,0.13555786000802744,-0.732627072632834
1726398287413621200,2.299621337890625,-1.7277442828495329,0.3666627336398642,0.6516567164578742,-0.40876049316816077,0.64983813106799,0.13642730653775573,-0.7133232490497821
1726398287423669000,2.3096689453125,-1.7128375072615831,0.3528652238128978,0.6556146592963411,-0.3784562235293833,0.6533683462765671,0.13698703122916267,-0.6954400337824518
1726398287433718300,2.31971826171875,-1.7000260744085847,0.34025410502882436,0.6590521406405593,-0.3510404096678061,0.6564061844106474,0.13787064753011194,-0.6795173925198232
1726398287443767000,2.32976708984375,-1.6888488335834075,0.3287026221344653,0.6620239902397981,-0.325873322895809,0.659026963378192,0.13914820220779345,-0.6655434327692398
1726398287453815300,2.339815185546875,-1.6788696870856394,0.31794333697586025,0.6646403126687142,-0.3023513583594617,0.6613323571992796,0.1407294057622731,-0.6530369847679883
1726398287463864000,2.349864013671875,-1.6699230728128909,0.30739670990655554,0.6672019338547851,-0.2792431858137704,0.6633115226921871,0.14271173809399812,-0.6412962484314947
1726398287473912000,2.359912109375,-1.6620517789014069,0.2967540434480665,0.6699032115665616,-0.2564282641613497,0.6649831010625448,0.14479039693668613,-0.629405092328661
1726398287483961000,2.369961181640625,-1.655349816726061,0.28624219516955796,0.6726905595007543,-0.235180442269348,0.6664428625735218,0.14630995055019594,-0.6167301282391894
1726398287494009000,2.380009033203125,-1.6496222091057686,0.2763175512116886,0.6753289927442447,-0.21674383362663505,0.6678459164950189,0.14683687750020363,-0.603346749538354
1726398287504058000,2.39005810546875,-1.644459236792932,0.26740081256738274,0.6775483343309131,-0.2014679629982797,0.6693031221520082,0.1464865926914896,-0.590104545757052
1726398287514106000,2.400106201171875,-1.6395297524838766,0.25963937468710496,0.679225359527542,-0.1886620341221475,0.6708024566067438,0.14582329950405176,-0.5780923072409966
1726398287524155100,2.410155029296875,-1.6347684753906093,0.25279023890642444,0.6804724166177516,-0.17692509590986247,0.6722154124945263,0.14553672223901604,-0.5679754099789093
1726398287534203100,2.420203125,-1.6302694195694494,0.2464468966499248,0.6815030980763205,-0.1649816300411997,0.6734076411947687,0.14608094812711847,-0.5598129200030003
1726398287544252200,2.430252197265625,-1.6260820883428309,0.24044369896423123,0.6824194675897196,-0.1528066786911265,0.6743878927758764,0.14728043707424446,-0.553089628257021
1726398287554301000,2.440301025390625,-1.6223798646685457,0.23477982213906787,0.683298953519619,-0.1411989215758053,0.6752061815588598,0.14858551856021354,-0.5469753259319194
1726398287564349200,2.45034912109375,-1.6193395433511037,0.2293632307204518,0.6842473652460461,-0.1307178359339003,0.6759000499326662,0.14952338894664202,-0.5406287893369923
1726398287574398000,2.46039794921875,-1.6169418836603677,0.22412551893794427,0.6852933777687804,-0.12167572022354047,0.6765383489175448,0.1497886802210062,-0.5335085187573981
1726398287584446200,2.4704462890625,-1.615017363988374,0.219122251252702,0.6863715911653127,-0.11426926256454356,0.6771997143499259,0.1492651793213757,-0.5255418526988693
1726398287594495000,2.480494873046875,-1.613199582703774,0.21434705457976297,0.6873730512218019,-0.10824944327352792,0.6779787270828307,0.14804926011820552,-0.5168863285025906
1726398287604543200,2.490543212890625,-1.611056718727938,0.20962748344299506,0.6882175132437158,-0.10294000279376192,0.6789651547357493,0.14635371289908697,-0.507628188396774
1726398287614592000,2.500592041015625,-1.6083668378563258,0.2047589201308265,0.6888942911721655,-0.09768008154915223,0.6801834815143882,0.1443915365420921,-0.4977938341407915
1726398287624640300,2.51064013671875,-1.6052511434392145,0.19957369020076704,0.6894842200516633,-0.09198050365265681,0.6815538764470807,0.14235971578587545,-0.48742237001549327
1726398287634689000,2.52068896484375,-1.6020612181714504,0.19399513259413723,0.6901106043938529,-0.08543575656205861,0.6829084973886933,0.14053205443032957,-0.4767873250953257
1726398287644737000,2.530737060546875,-1.5991665081595625,0.18818311124457643,0.690837481729345,-0.07824118223509174,0.6841114440602982,0.139004597067605,-0.4662453918920185
1726398287654786000,2.5407861328125,-1.596761650758808,0.18250070155698073,0.6916270754229323,-0.07123670641608068,0.685137391329462,0.13759478216524465,-0.4560493509321152
1726398287664834000,2.550833984375,-1.5949424090129145,0.17720682119459905,0.6924495808778155,-0.06494071892430056,0.6859715476550015,0.13621483564969528,-0.44644476012371254
1726398287674883000,2.560883056640625,-1.5937809749711567,0.1723495047683198,0.6933287024294794,-0.059437265628699325,0.6865891949026723,0.13485651275555446,-0.43748911505581844
1726398287684932400,2.570932373046875,-1.593145265331945,0.1677510525800058,0.6942773008590146,-0.054432158897884615,0.6870322147456287,0.1335123092514939,-0.428921109796365
1726398287694980000,2.58097998046875,-1.5928394321710413,0.16305312567879413,0.6953241031001451,-0.04937473621615465,0.6873654025704569,0.13216290924880286,-0.4202035100806665
1726398287705029000,2.591029052734375,-1.592753434234424,0.15802026844456765,0.6964869908511891,-0.044132735356180904,0.6876545948491175,0.13063938267801764,-0.41075756089266047
1726398287715077000,2.6010771484375,-1.592745478485775,0.152675165152113,0.6977080873140576,-0.039052379186423576,0.6879897740749029,0.12870034598995386,-0.4002715577892577
1726398287725126100,2.611126220703125,-1.5926991674409487,0.14733512537481527,0.6988738331008156,-0.0347416358890018,0.6884286451382862,0.1262281826573389,-0.3890337984185499
1726398287735174100,2.621174072265625,-1.5925229747477485,0.14238116889768154,0.6998740018437858,-0.03143209188575552,0.6889607454362787,0.12343832112234648,-0.37790339866355394
1726398287745223200,2.63122314453125,-1.592293928915302,0.13799046444828525,0.7007053294747958,-0.028782102559210508,0.6894832054969495,0.12076246460769616,-0.3677556141186308
1726398287755271200,2.641271240234375,-1.5922127734262677,0.13410787582855815,0.7014556383962945,-0.02629772368590449,0.689876158086035,0.11851600700550075,-0.35896254710239284
1726398287765320000,2.65131982421875,-1.5924416587800967,0.1306946612900177,0.7021959632251635,-0.023943247940079022,0.6900873355161241,0.11670198271819114,-0.35146836944013204
1726398287775368200,2.6613681640625,-1.5930439276067805,0.1277189541211643,0.702961944960374,-0.02193932244097803,0.690127536221347,0.11513663382976472,-0.3449589846020412
1726398287785417000,2.6714169921875,-1.5940115528822274,0.12509989305392935,0.7037726263435359,-0.020443322273088996,0.6900320411399218,0.11362187716580914,-0.3390314203894005
1726398287795466200,2.68146630859375,-1.5952610338721296,0.12272101024080413,0.7046259104087584,-0.019505523448359523,0.689855170039092,0.11198998260366025,-0.3332770740434514
1726398287805514000,2.691513916015625,-1.5968132195369076,0.12047183932699303,0.7055512963353505,-0.01910594696474141,0.6896034060909484,0.11014165369854416,-0.3273942218419648
1726398287815563300,2.701563232421875,-1.598902252550017,0.11836118627917575,0.7066277858126188,-0.01941205791586374,0.6892065628133964,0.10799150593940605,-0.32126828695075266
1726398287825611000,2.711611083984375,-1.601843820615367,0.11652207999192644,0.7079404777542594,-0.020652212734667944,0.6885514569163265,0.10554572352267293,-0.31509108765404303
1726398287835660300,2.721660400390625,-1.605898676443593,0.11518879954671354,0.7095396958341352,-0.023116070233325115,0.6875347821128175,0.10286364524131102,-0.30927098660239466
1726398287845708000,2.7317080078125,-1.6110780920810919,0.11443041303919342,0.7114187856460243,-0.026612593704157042,0.6861188551637324,0.10014889411902723,-0.3041909186825906
1726398287855757300,2.74175732421875,-1.617117447626844,0.11387757188751634,0.7135474640581425,-0.029894301049481136,0.6843259127709455,0.0978769091638282,-0.300019030668154
1726398287865805000,2.75180517578125,-1.6235998605961213,0.11314527024603488,0.7158456028749333,-0.03192451323982924,0.6822615894967546,0.09634446317894281,-0.2966569927711516
1726398287875854000,2.76185400390625,-1.6301514921980347,0.11214267524592332,0.7182015574884827,-0.032729228048069256,0.6800802569703367,0.09540097530477643,-0.2937736911771849
1726398287885902000,2.771902099609375,-1.6365426478118514,0.11090264249457758,0.7205342441031742,-0.03278921644247754,0.6779089838082815,0.09471232540865157,-0.2909378027191872
1726398287895952000,2.781951904296875,-1.642631768453345,0.10943591363827207,0.722796565496532,-0.03247228784544648,0.675833795414051,0.09400855677696453,-0.28777466132146595
1726398287906001200,2.792001220703125,-1.6485406891738328,0.10772097259107648,0.7250333138784874,-0.03196903277303847,0.673830792859796,0.09313887150200506,-0.28403264464312217
1726398287916049000,2.802048828125,-1.6545511809794387,0.10581663397752354,0.7273275033366283,-0.03144544122203467,0.6718037693320285,0.09207200180390573,-0.2797433925956734
1726398287926098200,2.81209814453125,-1.6610135827879895,0.10383914722429664,0.7297742533054471,-0.03104104261562696,0.6696196766062985,0.09086472422131082,-0.27514547709870774
1726398287936146000,2.82214599609375,-1.668108675832132,0.1019520709255683,0.7324060567882458,-0.03097504274620478,0.6672091838730108,0.08954968949288186,-0.27050715750579574
1726398287946195000,2.83219482421875,-1.6757795648887432,0.10028483346622358,0.7351850565893937,-0.03153478880120832,0.6646002324784915,0.08804856388869323,-0.2658843281798332
1726398287956243000,2.842242919921875,-1.6838703910353137,0.09889812662244066,0.7380528315337064,-0.03291227460272232,0.6618572537274597,0.08626786618252774,-0.26121380455774634
1726398287966292000,2.8522919921875,-1.6922259977067702,0.09773289095064078,0.7409668218636658,-0.034871983667823056,0.6590221898148382,0.08429898391885275,-0.2565466967823252
1726398287976340000,2.862340087890625,-1.7007297316632224,0.09659683131156994,0.7439138164736577,-0.03681662847832293,0.6561084498737683,0.08235926952062643,-0.2519495091307884
1726398287986389000,2.872388916015625,-1.7093329445715588,0.09530367418243912,0.7468998678233025,-0.038136078471207285,0.653105429254034,0.08069140005110523,-0.24754391703194145
1726398287996437000,2.88243701171875,-1.7179212850224217,0.09368549029101521,0.7499055113594111,-0.03823917641836834,0.6500291948555055,0.07954133677263124,-0.24349251399965902
1726398288006486000,2.892486083984375,-1.7263798067864378,0.09173118738415115,0.7528915861444333,-0.037055976114837165,0.646921656296186,0.07894334709533897,-0.2398504364089964
1726398288016534000,2.902533935546875,-1.7347542210876588,0.08959717561667897,0.7558512208446843,-0.0350510878845869,0.6437873571352735,0.07873450396761579,-0.23658713143982338
1726398288026583000,2.9125830078125,-1.7431530475281893,0.08741109634442228,0.7588039458265553,-0.03271036052597972,0.6406101122124094,0.07870557454060707,-0.2335545948277522
1726398288036632000,2.922632080078125,-1.7517078582581522,0.08525816983521481,0.7617830573250652,-0.030429517947086298,0.6373611933452875,0.07866559262801409,-0.23057025960901317
1726398288046680000,2.93268017578125,-1.7606195745847446,0.08311885815959064,0.7648547018658167,-0.028276332489285565,0.6339697521493269,0.07855557619057861,-0.22751461641406745
1726398288056729000,2.94272900390625,-1.77009207288063,0.08099362369611472,0.7680818334115804,-0.026334462885338476,0.6303613495121855,0.07832626067182649,-0.22430872252806025
1726398288066777000,2.952777099609375,-1.7800434016317257,0.07895919958963532,0.7714300672380092,-0.02486529144948015,0.6265777974775586,0.07785481232398585,-0.22085839590403555
1726398288076826000,2.962826171875,-1.7901831568993443,0.07690193513623493,0.7748232581394762,-0.023713309741917148,0.6227293132103556,0.0770924932561025,-0.21694197864848036
1726398288086874000,2.9728740234375,-1.8002972107672521,0.07466191611790365,0.7782115244059779,-0.022492884312144964,0.6188844979331547,0.07612112663391683,-0.21248624849142586
1726398288096923100,2.982923095703125,-1.8105305270682996,0.07224409657098581,0.7816349109212952,-0.021115393251755942,0.6149788157389128,0.07502426339808688,-0.20762893868921342
1726398288106971100,2.99297119140625,-1.821147678259887,0.06983453675964775,0.7851498024566059,-0.019848789570692374,0.6109096256818418,0.07384058699217233,-0.20266145379004932
1726398288117020000,3.00302001953125,-1.8322898946719222,0.06756856861500411,0.7887801635086013,-0.018825834281251373,0.6066160140403917,0.07264569202666564,-0.1978679329815578
1726398288127068200,3.013068115234375,-1.843899362985444,0.06545328821696128,0.7925028929086562,-0.017908102845218554,0.6021083438893139,0.0715574673375913,-0.19344313471302393
1726398288137117000,3.023116943359375,-1.855825434009003,0.06345715037350423,0.7962724822706574,-0.016943803262332992,0.5974376259208859,0.07065053725694764,-0.18946911379407222
1726398288147166000,3.033166015625,-1.8678231524058537,0.061522538448702,0.8000192305485743,-0.01575077092307442,0.5926941226410025,0.06998542837957697,-0.1859777089447409
1726398288157214000,3.0432138671875,-1.8797522197929646,0.059544234371582384,0.8037107812975648,-0.014123701191197224,0.5879295772140469,0.0695874147682881,-0.18288981080353334
1726398288167263000,3.053262939453125,-1.8916140714992369,0.05745721647296466,0.8073554206554235,-0.012065461677992596,0.5831498816165779,0.06937027948143511,-0.1799956363879144
1726398288177311000,3.06331103515625,-1.903546038392443,0.05530760972082666,0.8109923977714764,-0.009863478792191951,0.5783152784293052,0.06916557986455826,-0.1770799996526928
1726398288187360000,3.073360107421875,-1.9157713643651897,0.05325272979169934,0.8146749199213544,-0.007967471518581496,0.5733518743699505,0.06882366735160787,-0.1740808332297034
1726398288197408000,3.083407958984375,-1.9285339054476351,0.05155055948653302,0.8184534576669543,-0.006997555162071065,0.5681784452940838,0.06818990322381704,-0.17103298979649773
1726398288207457000,3.09345703125,-1.941915769128862,0.050405127854928365,0.8223343367355231,-0.007350034316802183,0.5627679299878506,0.06721538987739552,-0.1680699680291949
1726398288217505000,3.103505126953125,-1.955729844562987,0.04977139625829894,0.826263608508328,-0.008790458729857313,0.5571819645200653,0.06602699478139182,-0.16532697325230017
1726398288227554000,3.113553955078125,-1.9697098885827018,0.0492959172533564,0.8301857931284452,-0.010388659379067074,0.5514960716677795,0.06491302109110786,-0.1628718812391361
1726398288237602000,3.12360205078125,-1.9836740553749617,0.04858191882890131,0.8340730262001675,-0.01117467357565515,0.5457544293626201,0.06414176187925022,-0.16071640643521878
1726398288247651000,3.133651123046875,-1.9975786894214442,0.04743641864097034,0.8379245351088505,-0.010739473054726157,0.5399655345370065,0.06379308953352894,-0.15880226107747936
1726398288257699800,3.143699951171875,-2.0114535615009492,0.045957835864463,0.8417432764798625,-0.009420715389704164,0.5341314766291946,0.06371529841351486,-0.15700312775735054
1726398288267747800,3.153747802734375,-2.025363265987201,0.04441245636748592,0.8455334112602355,-0.007964803704440793,0.5282525816464889,0.0636394396157251,-0.15516238388386452
1726398288277796900,3.163796875,-2.03944107997573,0.043034104542326666,0.8493210469250386,-0.0070609675783108545,0.5222980286795359,0.06329833660523035,-0.15307154230313247
1726398288287844900,3.173844970703125,-2.053771666735564,0.041912587264610224,0.8531249825036096,-0.006975704758076112,0.516240651004063,0.06258388004618182,-0.15062663919841454
1726398288297894000,3.183893798828125,-2.068455569623535,0.04095701590336222,0.8569726225860705,-0.007447286978005124,0.5100257614818616,0.061597043218833906,-0.14789073947122722
1726398288307942000,3.19394189453125,-2.083484244617075,0.04000937016838098,0.8608616574580288,-0.007958730657283117,0.5036344417865424,0.060569770112268564,-0.14509312720519799
1726398288317991000,3.203990966796875,-2.0987239276618506,0.03896302419724535,0.8647547030522955,-0.008093439782082597,0.49710610686800244,0.05972126221186828,-0.14250786300019389
1726398288328039000,3.214038818359375,-2.1138298562036444,0.03778322666280607,0.8685631256886333,-0.0076697915190013415,0.4905827296364757,0.05915400760857639,-0.14028929812558982
1726398288338088000,3.224087890625,-2.1285081633846215,0.03655158719079822,0.8722137852701374,-0.006893233656146118,0.48420105115856826,0.058792031175827125,-0.1383964489241121
1726398288348136000,3.234135986328125,-2.142701448280107,0.03537921436972173,0.8756941790110092,-0.006081629548407234,0.4780003666535356,0.058512411529067596,-0.1367261068517827
1726398288358185000,3.24418505859375,-2.156765734241731,0.03424169832633408,0.8790949030940473,-0.005248750521907561,0.4718288275421231,0.05828658099678244,-0.13520285072955268
1726398288368234000,3.25423388671875,-2.1712036075940104,0.033102685486175974,0.8825345691668364,-0.0043435572781141945,0.4654639324418858,0.058139658109538625,-0.1338359168803127
1726398288378282000,3.264281982421875,-2.1862363757420678,0.03199756430584671,0.886057273329938,-0.003428936110732542,0.45880721316207107,0.05809037153917713,-0.13269327596304586
1726398288388331000,3.2743310546875,-2.2017102052531974,0.030888795814375758,0.8896228869930136,-0.002396823163749225,0.4519208232094416,0.0581769273111013,-0.13181098434494698
1726398288398379000,3.28437890625,-2.217243017784635,0.02968985258119338,0.8931438191753116,-0.0010163183569931343,0.44496604363938347,0.05846180573129068,-0.1312278696754526
1726398288408428000,3.294427978515625,-2.2326017389727473,0.028441720259226776,0.8965643911688141,0.0006741383149867364,0.43804726951029077,0.05897539960552117,-0.13104285001992622
1726398288418476000,3.30447607421875,-2.2477677745204945,0.027258850145193626,0.8998778208460613,0.0024129326876073253,0.4311811576175149,0.059663370259512495,-0.1312631117457472
1726398288428525000,3.314525146484375,-2.2627843722092824,0.026126287315986995,0.9030987982320233,0.004152406833560101,0.4243531119979536,0.06045160103061644,-0.13174183180798768
1726398288438572800,3.32457275390625,-2.277661748269883,0.024880496263307534,0.9062412792027691,0.006128759142440216,0.41755611031345563,0.06127403077856359,-0.1322210388503099
1726398288448622000,3.3346220703125,-2.292533102910138,0.023459695144966024,0.9093381268243529,0.008407223929864925,0.41073052996299414,0.06208322087513958,-0.13256846636692107
1726398288458669800,3.344669921875,-2.30771722453151,0.021915821862922916,0.9124512750235827,0.010852839306600068,0.40373513408274764,0.0628522575948649,-0.1327854878237055
1726398288468719000,3.354718994140625,-2.323608684868258,0.02036869885730189,0.9156511200305527,0.013194689525171171,0.39639616690877083,0.0635465016221569,-0.1329119817701908
1726398288478768000,3.36476806640625,-2.3407428196233755,0.018894034261687804,0.9190317573083996,0.015239664132668248,0.38847115533765814,0.06413989489920036,-0.1329642188822293
1726398288488816000,3.374816162109375,-2.3595156602538125,0.017552074530922775,0.9226532098668218,0.016820256179556237,0.3797775916776697,0.06459053323556288,-0.13291207837179386
1726398288498865000,3.384864990234375,-2.379935940781565,0.016514694370933697,0.9264906648065673,0.017614625280786465,0.37031255334966207,0.06489099253647167,-0.13286355061046634
1726398288508913200,3.3949130859375,-2.4015338923492604,0.01593374973408963,0.9304274478737715,0.01744503321777555,0.36028785907153593,0.06514272623985831,-0.1330952353875164
1726398288518962000,3.4049619140625,-2.423424928115868,0.01569891962170137,0.9342867567827147,0.01670702005046936,0.3500946398990732,0.06554138485281535,-0.13386051937046317
1726398288529010200,3.41501025390625,-2.444644897076226,0.01561165372937286,0.9379000807867565,0.015919780674570637,0.3401667613360098,0.06622933550280193,-0.13526624586253444
1726398288539059000,3.425058837890625,-2.4646982127212267,0.015453657128360132,0.941197949498079,0.015563438717758584,0.33072708574395243,0.0672854310597132,-0.13731078085772816
1726398288549107200,3.435107177734375,-2.4837463269794866,0.015208783628969418,0.9442203112079537,0.015648449188071924,0.321704949451484,0.06872066952126044,-0.1400174418892197
1726398288559156000,3.445156005859375,-2.502404975715726,0.01506975158957601,0.9470719562446853,0.01570261271230015,0.31283041089235814,0.07046168228723018,-0.14338391870264158
1726398288569204000,3.455203857421875,-2.5214046141613373,0.015332574350497327,0.9498689657105143,0.014954452909586316,0.3037904239113258,0.07228686014753938,-0.14717258094823157
1726398288579253000,3.4652529296875,-2.541210146130747,0.016163669367808296,0.9526870156968258,0.012849706441832533,0.2943934354500203,0.07388283368437308,-0.15086300285019097
1726398288589302000,3.475302001953125,-2.5617038386832878,0.01737512816599504,0.955518608078454,0.009638321856415537,0.28469453797946054,0.075043164083876,-0.15391041725954643
1726398288599350000,3.48535009765625,-2.5824158098634937,0.018724711077812588,0.9583013389929087,0.005829853137577999,0.27490027693448515,0.07574884988162738,-0.15610859116798131
1726398288609399000,3.49539892578125,-2.6027811826055327,0.020109989987806377,0.9609560773014892,0.0017512460423938878,0.26526620071550794,0.07611066936553829,-0.15759859990558922
1726398288619447000,3.505447021484375,-2.622316427533017,0.021545908086152366,0.9634172049841634,-0.0024923522157905796,0.2560186161729629,0.0762724853273887,-0.15866159705224056
1726398288629496000,3.51549609375,-2.6408062133394754,0.023175171831267445,0.9656592391513162,-0.0071124396191108614,0.24727026330080223,0.0763062762704236,-0.15950831553072983
1726398288639544000,3.5255439453125,-2.6583226736632675,0.025009720729472603,0.967703330040102,-0.01213100844915241,0.23899047155046135,0.07621325749231146,-0.16014141730040504
1726398288649592800,3.5355927734375,-2.6751930898520535,0.026994449243384722,0.9696025897126413,-0.017471860459403445,0.23102076221683743,0.07597001068771812,-0.16048196256557298
1726398288659641000,3.54564111328125,-2.691747754795011,0.029173323456737402,0.9713967825771602,-0.023226588069479425,0.22320510370747398,0.07560786259710622,-0.1606032660627134
1726398288669689900,3.55568994140625,-2.7079361842136196,0.03143721424556219,0.9730843707812148,-0.029147165002862213,0.21555886289811055,0.0751858588521019,-0.16056656416578716
1726398288679738000,3.565738037109375,-2.723242256606857,0.03323899206052137,0.9746341944239548,-0.034065945685742956,0.20829040129820853,0.07482213297755831,-0.1603818265603877
1726398288689787000,3.575786865234375,-2.7372604887174807,0.03418846670728571,0.9760257696536208,-0.037120765980788055,0.20156828374046815,0.07466634009070612,-0.1602197695129507
1726398288699836000,3.5858359375,-2.7499008154800317,0.03439831292775268,0.9772532180042567,-0.03850085910897125,0.1954473878452312,0.07478707981630305,-0.16030362854276234
1726398288709884000,3.5958837890625,-2.761399771403125,0.0340389323051319,0.9783475600991758,-0.038592067012256655,0.1898294646039649,0.07511412541798079,-0.16058795803192824
1726398288719933000,3.605932861328125,-2.7722778570648865,0.03339494783572915,0.9793609782305346,-0.038050865118246666,0.18448567182479564,0.07551052066475966,-0.1609194989066016
1726398288729981000,3.61598095703125,-2.7829592117545774,0.03296630838732617,0.9803298236604903,-0.03798430466716674,0.1792503192841281,0.07573682104500305,-0.161007311939567
1726398288740030000,3.626030029296875,-2.7935170137252903,0.03310165415159292,0.9812645397326857,-0.039167657562590066,0.1741162079468548,0.07554860164961938,-0.16048135674031272
1726398288750078000,3.636077880859375,-2.8037051355720872,0.03387205165440119,0.9821486305371032,-0.04173787214176522,0.16920796873830798,0.074868394721656,-0.15919822851650256
1726398288760127000,3.646126953125,-2.813161738938298,0.035067454766905634,0.9829511049076907,-0.04518255516516955,0.1646829519099358,0.07387075677870925,-0.1574221011000634
1726398288770175000,3.656175048828125,-2.8216270395889915,0.0363612645080581,0.9836463837789051,-0.04872568377571609,0.16064192651820935,0.07288251622214426,-0.15569176511426178
1726398288780224000,3.66622412109375,-2.8290137914078035,0.03739001887304913,0.984228285727927,-0.051546089365842346,0.15710286917906047,0.07221775788182094,-0.15451984067726734
1726398288790273000,3.67627294921875,-2.835501122840436,0.03794017919451394,0.9847193516316068,-0.05320776056761711,0.1539663201042298,0.0719903714141615,-0.15407249084168592
1726398288800321000,3.686321044921875,-2.841320875081977,0.03802233581687485,0.9851486686932253,-0.05378683823435642,0.15112180105426612,0.07210068806853542,-0.15416170646284474
1726398288810370000,3.6963701171875,-2.8467145469576316,0.03789870381912492,0.98554096838996,-0.05389553774680257,0.14847025082983836,0.07231365941348397,-0.1544025739774397
1726398288820417800,3.706417724609375,-2.851848663914699,0.03792399252561487,0.9859109610580362,-0.05432449577536346,0.1459552991937606,0.07237654499686531,-0.15439677038464156
1726398288830467000,3.716467041015625,-2.8567933672270622,0.03849101271678354,0.9862583182967907,-0.055906734034119394,0.14357055181813,0.0721144845210645,-0.15390625280872902
1726398288840514800,3.726514892578125,-2.861470196488655,0.03987770559657712,0.9865641020534178,-0.05918819198350265,0.14137360361203585,0.07151631994588369,-0.1529822011437426
1726398288850564000,3.736564208984375,-2.865646792665489,0.04200474704591509,0.9867989774575506,-0.06393505000602372,0.13947230249239137,0.07078719366369216,-0.15200716641717638
1726398288860611800,3.74661181640625,-2.868971312797258,0.04440716017957301,0.9869413333306656,-0.06912224757737953,0.1380079928290539,0.07020417504797143,-0.15140973664618648
1726398288870661000,3.7566611328125,-2.8709961033733795,0.04655394699139646,0.9869832650641661,-0.07363406837508482,0.1371651035109035,0.06987405755060201,-0.15127652850990095
1726398288880708900,3.766708984375,-2.871458198426135,0.04801205075351514,0.9869450866604337,-0.07662392557944672,0.13704116134858496,0.0696708944845833,-0.1512580611620327
1726398288890758100,3.776758056640625,-2.8705103238795187,0.04870836664837648,0.9868612816569989,-0.0780182713065829,0.13755209673989727,0.06936695247463492,-0.15088283432341276
1726398288900806700,3.786806640625,-2.868702953190546,0.04890537044774102,0.9867647334442627,-0.078418599978173,0.13844413452149684,0.06882477791256429,-0.1499301340039283
1726398288910854700,3.796854736328125,-2.8666310772044032,0.04892718029101813,0.9866768382722194,-0.07851869039625059,0.13944860363473977,0.06803693005309074,-0.1484512351851171
1726398288920903700,3.806903564453125,-2.8646965250936782,0.049069078126646515,0.9865975303034163,-0.07890056212386529,0.1403919232887686,0.06713957667902885,-0.14678380611837905
1726398288930951700,3.81695166015625,-2.8630104534777083,0.049466599316489716,0.9865148613352734,-0.07979741990697552,0.14123176338268445,0.066295736135985,-0.14528655130462023
1726398288941000700,3.827000732421875,-2.861254164972045,0.050045645172639826,0.9864032586256992,-0.08100719418242609,0.14212145027165846,0.06561744526271461,-0.1441746006010524
1726398288951048700,3.837048583984375,-2.8588663971707224,0.050647414774911574,0.9862347787402728,-0.08218329180260403,0.14332501139313153,0.06506790417270969,-0.14335302475831907
1726398288961097700,3.84709765625,-2.855335334133237,0.05122627275589099,0.9859834446949611,-0.08323572724089916,0.14508802140449611,0.06451375249389948,-0.14256607500372254
1726398288971145700,3.857145751953125,-2.8505052607492924,0.05188040440872347,0.9856357350949574,-0.0843794775895669,0.1474911494718037,0.06385139192301614,-0.14164540179649823
1726398288981194800,3.86719482421875,-2.8445620631077055,0.05281155198446115,0.9851897116748304,-0.08604000477537778,0.15045534936210925,0.06305113984228665,-0.14058890096818963
1726398288991242800,3.87724267578125,-2.837777741558383,0.054001223742016435,0.9846575239056705,-0.08818645740243493,0.15384582548694017,0.06216858191485442,-0.13949723345526674
1726398289001291500,3.88729150390625,-2.8303695781614233,0.05521255175651615,0.9840619885096122,-0.09034465680100191,0.1575408610209874,0.06127446770643828,-0.13843394854231877
1726398289011340500,3.897340576171875,-2.822471311181651,0.05623098905550977,0.9834239317116773,-0.09209544680275386,0.16146057153975385,0.06038194657514903,-0.13735173889449565
1726398289021388500,3.907388427734375,-2.8140455681650614,0.05697971719353227,0.9827466620657392,-0.09330108433069698,0.16561711694118697,0.05944239029347108,-0.13612728581000327
1726398289031437600,3.9174375,-2.8048960848599687,0.057534330826543675,0.9820093666028985,-0.0941207706058714,0.1701100076708377,0.05839635722979871,-0.13467258765107798
1726398289041485600,3.927485595703125,-2.7949257529470306,0.058049829718071995,0.9811894027668564,-0.09486828571160404,0.17499556352206108,0.05721918633928046,-0.13299435351961805
1726398289051534600,3.93753466796875,-2.7841178809584477,0.05866276873399371,0.9802650297504278,-0.09579283519656702,0.18029148209198395,0.055983905189366676,-0.13128775544693883
1726398289061582600,3.94758251953125,-2.7725227669561456,0.0593248469776604,0.9792253334016606,-0.09673567844139222,0.1859734855171769,0.05488384022686294,-0.12991815785106084
1726398289071631600,3.957631591796875,-2.760191911780812,0.05987475947454525,0.9780680356233528,-0.09730050391719702,0.19201050384743848,0.054127900645077366,-0.12923413727476296
1726398289081679600,3.9676796875,-2.7470279140254013,0.060228439678987354,0.97678037998911,-0.097279747598941,0.19844502696500183,0.05377970216556542,-0.1293261855466803
1726398289091728600,3.977728759765625,-2.7327676793532185,0.060460476098294844,0.9753288764317913,-0.09683101870212613,0.20540432215840917,0.05373292011582199,-0.13001823469678528
1726398289101776600,3.987776611328125,-2.7172815392763168,0.06079799857026244,0.9736875085903287,-0.09648886198074096,0.212955480792922,0.053723274246342864,-0.1308872917293036
1726398289111825700,3.99782568359375,-2.700567597185277,0.06141603577892168,0.9718455162309495,-0.09671370738824625,0.22110044242820961,0.05346896484167034,-0.13146372064162554
1726398289121874700,4.007874755859375,-2.682676750775652,0.06228212986658815,0.9698030131764485,-0.0975123762989092,0.2298065800260209,0.05283859356340594,-0.13149031837639075
1726398289131922700,4.017922607421875,-2.6637610793376116,0.06324704189559556,0.9675669132245454,-0.09856882217848685,0.23899003479574912,0.05194136356992205,-0.13111970216421673
1726398289141971700,4.0279716796875,-2.6438043242297815,0.06402105621280069,0.9651283045293174,-0.09920185106532307,0.2486428000659015,0.0510431276916747,-0.1307351799391186
1726398289152019500,4.03801953125,-2.622624319495574,0.06432196767006047,0.9624624013515811,-0.09876067672314848,0.2588353341472311,0.05032881541365326,-0.13054727586289455
1726398289162068500,4.048068359375,-2.5999749954040485,0.06404260081953363,0.9595283668154561,-0.09701800223329728,0.26967377174196017,0.049798844306262004,-0.13047793196784255
1726398289172116500,4.058116455078125,-2.5757531918633103,0.06314943556292595,0.9562979322820382,-0.09395992743155912,0.2811963604924252,0.049347203251047134,-0.13026413042656532
1726398289182165500,4.06816552734375,-2.5501441939267893,0.06184699019540766,0.9527607618809725,-0.09006577800776142,0.2933165847119224,0.04885972977762724,-0.1297485019240624
1726398289192213500,4.078213623046875,-2.5235843514291294,0.060555270067711095,0.9489273528313885,-0.08621756451474281,0.305842251305915,0.04827657443737593,-0.1290202968190901
1726398289202262500,4.088262451171875,-2.4965174154612018,0.05953442581757334,0.9448270746923665,-0.08291824668504492,0.3185706988300132,0.04764584296551131,-0.12831785804252752
1726398289212311600,4.0983115234375,-2.469248567204553,0.058820546551711685,0.9404944868106437,-0.08019655315216954,0.33135482736081684,0.047055160144400095,-0.12783910599976223
1726398289222359600,4.108359619140625,-2.441953832686119,0.0583631427794541,0.9359614438333966,-0.07796422375155784,0.3441049656582806,0.04649557337769613,-0.12754777504434572
1726398289232408600,4.11840869140625,-2.414660340650759,0.057959375925760934,0.9312537210515495,-0.07589945749779944,0.35679540611030863,0.045873923699096035,-0.12714206984518053
1726398289242456600,4.12845654296875,-2.387229166717329,0.0574948827649079,0.9263612683797133,-0.07387497199952982,0.3694837479696258,0.045066026771871597,-0.12631734653780663
1726398289252505600,4.138505615234375,-2.359441389997738,0.0571683869693878,0.9212265842895647,-0.07230918197941075,0.3822780631092152,0.04401074115474102,-0.12512239247121293
1726398289262553600,4.1485537109375,-2.3310327741621215,0.057147755445002064,0.9157694142093211,-0.0713761803185157,0.3952997644570243,0.04287963432212619,-0.12403449512918968
1726398289272602600,4.1586025390625,-2.3016963557703494,0.057442163235805185,0.9098999637200897,-0.07078079517748741,0.4086758575674629,0.042028864950813,-0.12375018824725788
1726398289282650600,4.168650634765625,-2.2710992227146805,0.057915126746663874,0.9035267492861783,-0.06988957066831716,0.42253235464192174,0.04185120747081056,-0.12489383964561816
1726398289292699600,4.17869970703125,-2.238851795986059,0.05838453989622817,0.8965499110194161,-0.06811859373745313,0.43701298751901285,0.042535519683478726,-0.1276463914636818
1726398289302747600,4.18874755859375,-2.2046882124209666,0.058904944418047576,0.8888842629027627,-0.06572132216352887,0.452213042683292,0.043798487533073006,-0.13151755340940066
1726398289312796700,4.198796630859375,-2.168729969228456,0.05981250234939964,0.8805130784654828,-0.06381687613914588,0.46807323709679693,0.04501858433273206,-0.13568814990722697
1726398289322845700,4.208845703125,-2.1315538932483244,0.06134388677082885,0.8715298452499982,-0.06328129180527045,0.48433571029082045,0.045734953696774786,-0.13959374624974175
1726398289332893700,4.218893798828125,-2.0935209574253943,0.06307786692009677,0.8620304451272032,-0.06337865231353995,0.5008093120351536,0.04598542904651425,-0.14294798505269832
1726398289342942700,4.228942626953125,-2.054636693006783,0.06425185139146641,0.8520622149427939,-0.06261403961927202,0.5174435258189245,0.04597589872430558,-0.14535334864179897
1726398289352990700,4.23899072265625,-2.0150876703663245,0.06456349350009666,0.8416872521949784,-0.0604802254699666,0.5341344696882462,0.04576464099521944,-0.14653404387971214
1726398289363039700,4.249039794921875,-1.9750929949040463,0.06419099715271076,0.8309356471702398,-0.0573270733223776,0.5507862471004166,0.045386580324723515,-0.1466629134276006
1726398289373087700,4.259087646484375,-1.9346971725450772,0.06348374928091816,0.8197725007353148,-0.05356942976922333,0.5673745821830256,0.04504389625606704,-0.14641216057382583
1726398289383136500,4.269136474609375,-1.8939031013491678,0.06287406411526335,0.8081461866104078,-0.0496620501153602,0.583887256491244,0.04496924667188819,-0.14663105972666968
1726398289393184800,4.279184814453125,-1.8529259446278186,0.06300883158872946,0.7960568711729766,-0.04660144885162433,0.6002347956155263,0.04518459578714283,-0.1481202248027585
1726398289403233500,4.289233642578125,-1.8120650901387008,0.06443411885582254,0.7835479174684084,-0.045272736293789084,0.6162949842197658,0.04562387398451553,-0.1514966728968502
1726398289413282600,4.299282470703125,-1.7715051752433078,0.06724638149341061,0.770671394994904,-0.045736520669241616,0.6319825521364892,0.04627599819501332,-0.15696805061628472
1726398289423330600,4.30933056640625,-1.7311576948680147,0.07110718699875493,0.7574359134269731,-0.0474632530613558,0.6473184957107981,0.04704790438799286,-0.16406457565016905
1726398289433379600,4.319379638671875,-1.6907725781610028,0.07550211422903401,0.7438169434564753,-0.04998349689020236,0.6623955714934808,0.04762380902725991,-0.17171393131126228
1726398289443427600,4.329427490234375,-1.6503475510913737,0.07990332171231548,0.7298735464266822,-0.05286619135991794,0.6772166111224482,0.0477246651125455,-0.1788414837685256
1726398289453476600,4.3394765625,-1.6100333220994116,0.08385888520924625,0.7157143994654086,-0.055523019976398746,0.6917222155696645,0.04733741465291507,-0.18482472478976214
1726398289463524600,4.349524658203125,-1.5700503209564678,0.0872985124410725,0.7014361364945089,-0.05786505577728471,0.7058343430922513,0.04652129169131872,-0.18963454761277748
1726398289473573600,4.35957373046875,-1.5308209304426315,0.09044936627351302,0.6871754537240397,-0.060229805381136245,0.7194114296191821,0.04534337080026175,-0.19366668607994106
1726398289483621600,4.36962158203125,-1.4927016934845179,0.09355320077509642,0.6730512989529625,-0.06284338744286422,0.7323383662446754,0.04393486553265413,-0.19744644620153923
1726398289493670700,4.379670654296875,-1.4555967705071582,0.0966701126575605,0.6590456291183492,-0.06572354831829565,0.7446613478559251,0.04234670007398634,-0.20114339913366913
1726398289503718700,4.38971875,-1.4191181597340559,0.09960194440506935,0.6450607354688641,-0.06868429692590962,0.7565282286213965,0.04051192152272424,-0.20438874390843545
1726398289513767700,4.399767578125,-1.3829019271096938,0.10211350266794077,0.6310055590890653,-0.07141545893989208,0.7680677501667328,0.038430479504085145,-0.2068313990986521
1726398289523816700,4.409816650390625,-1.346924163653287,0.10428891167502123,0.6168691822816232,-0.07401420921531156,0.779288463513892,0.03613691573002148,-0.20863612125135805
1726398289533864700,4.41986474609375,-1.3116126765493044,0.10640920619858993,0.6027891788129127,-0.07680768691489186,0.7900549253814312,0.03369583108906966,-0.21030807786977607
1726398289543913700,4.429913818359375,-1.277438040774339,0.10863934468626948,0.5889444836846701,-0.07994887396943332,0.8002313334786219,0.0311737240124487,-0.21218091114319393
1726398289553961500,4.43996142578125,-1.244325801319057,0.1108159202373814,0.575351474935862,-0.08311355825784188,0.8098581670984193,0.0286429411551345,-0.214081384731981
1726398289564010500,4.450010498046875,-1.2115075919188447,0.11253929309830907,0.5617758707126335,-0.08576405324688052,0.8191834485730427,0.02610140297787324,-0.2153679877677768
1726398289574058500,4.46005859375,-1.1783956271773042,0.11361598802194449,0.5480095206118244,-0.08781714722200307,0.8283882264008201,0.02345009516924256,-0.21560457465463043
1726398289584107500,4.470107421875,-1.1449252273580106,0.11415480241603614,0.5340067958933472,-0.08950899399920813,0.8374837127288994,0.020648577923707164,-0.21490901516316704
1726398289594155500,4.480155517578125,-1.1115771699327117,0.11433614194673028,0.5199481206145999,-0.090842110410995,0.8463226577960276,0.017868325123746438,-0.21373536471128243
1726398289604204500,4.49020458984375,-1.0789063815509001,0.11426745081670904,0.5060674711989219,-0.09168934892163046,0.8547540870389218,0.015297424557908213,-0.21241803297716588
1726398289614253600,4.500253662109375,-1.0471044409545849,0.1141017907751309,0.49243331366742726,-0.09240184653380623,0.8627428673431214,0.012838551749068344,-0.21108943132640037
1726398289624301600,4.510301513671875,-1.016240056727193,0.1139587437550999,0.47906299549947334,-0.09343293998841663,0.8702907392343702,0.010303910695674021,-0.20976179628421418
1726398289634350600,4.5203505859375,-0.9864954031510755,0.11387735805616703,0.46604651365803634,-0.09476729870073468,0.8773669907697167,0.0077327502840354,-0.20854036745055626
1726398289644398600,4.530398681640625,-0.9581362236058552,0.11374563834018216,0.4535420063154516,-0.09597823183707806,0.8839305816724579,0.0053168543526983135,-0.2073928593416895
1726398289654447600,4.540447509765625,-0.9312047886881258,0.11322608794576165,0.4416340625351468,-0.09663815335481835,0.8900165531543985,0.0031214827997356693,-0.20575193376752374
1726398289664495600,4.55049560546875,-0.905442652425036,0.11186710778249037,0.43028625933083975,-0.09617704791704697,0.8957331493387073,0.0012336114109762313,-0.2028561824529325
1726398289674544600,4.560544677734375,-0.8802603725015643,0.10953910581862002,0.4192678656281549,-0.09416114303294923,0.9012301073691541,-0.0001784308723347361,-0.19859308018276825
1726398289684592600,4.570592529296875,-0.855216983212687,0.10651353657659007,0.4083534107799159,-0.09054417777175792,0.9065877669343417,-0.000960647505114626,-0.19354934632734708
1726398289694641700,4.5806416015625,-0.8305007209394137,0.10323174088210263,0.3975699541073148,-0.08574815337928043,0.9117456327000102,-0.0011203503056917388,-0.18846504682996862
1726398289704689400,4.590689453125,-0.8066499946691166,0.10010241657023179,0.3871017586278106,-0.08063823895232325,0.9165865048468613,-0.0009241440225455778,-0.18382308370425607
1726398289714738700,4.60073876953125,-0.7838252456564151,0.09735177542868452,0.37698735758054275,-0.07603088246022618,0.9210877173618857,-0.0007235685298954131,-0.17976005189568486
1726398289724787700,4.61078759765625,-0.7617679415911768,0.09502640889154737,0.3670959290647272,-0.07254436868942413,0.9253161518092388,-0.0008600931621500585,-0.1761368067179001
1726398289734835700,4.620835693359375,-0.7404067649403615,0.09312235263426745,0.35739223526289804,-0.07057557325255673,0.9292990288656461,-0.0015625543035026142,-0.1728190990425853
1726398289744884700,4.630884765625,-0.7199902347813858,0.0916888761815312,0.3479811304582223,-0.07062709299651179,0.933002081630181,-0.0030771329986425157,-0.16976451732448536
1726398289754932700,4.6409326171875,-0.7008057659583049,0.09075849851964839,0.338997409651541,-0.07290786195055216,0.9363832325441951,-0.005497685039213912,-0.1670174757432827
1726398289764981500,4.6509814453125,-0.6826007494985857,0.09024558015325618,0.3303696642626505,-0.07645255843045445,0.9394901395566162,-0.00836337181494212,-0.1647884562794167
1726398289775029800,4.66102978515625,-0.6647174278886383,0.08990835104369164,0.321861885067156,-0.07971851127506512,0.9424440995865235,-0.01098253509130029,-0.1631198942832112
1726398289785078500,4.67107861328125,-0.6466212804530559,0.08933317694971724,0.31327738915410275,-0.08194620259571639,0.9453595295357935,-0.01312666031573692,-0.16137892644288795
1726398289795126800,4.681126708984375,-0.6281874331083307,0.08799588063368399,0.30459187023357254,-0.08314394244986324,0.9482911898780001,-0.014975587639370222,-0.1584304943336626
1726398289805175600,4.691175537109375,-0.6094659970719756,0.08543960455017068,0.29585700655087416,-0.08328688653186735,0.9512580079158584,-0.016640680426525237,-0.1533034755891746
1726398289815224600,4.701224609375,-0.5906236943461791,0.08150758132078358,0.2871554959556665,-0.08233061558451828,0.9542381559389963,-0.01810655632541947,-0.1456711397506364
1726398289825272600,4.7112724609375,-0.5719374165483622,0.07636382092234752,0.2785775851968274,-0.08090898775244554,0.9571722951767504,-0.019605391253935556,-0.13567932341527217
1726398289835321600,4.721321533203125,-0.5534404126537122,0.07022755077100018,0.27008404554803506,-0.08017918740297882,0.9600284181440246,-0.0216394327567933,-0.12346539720930792
1726398289845369600,4.73136962890625,-0.5349885648570463,0.06327994380893531,0.26158514070738914,-0.08054535901929091,0.9627961435760907,-0.024341440705083282,-0.10933435367955908
1726398289855418600,4.741418701171875,-0.5166121273251103,0.05590755168064345,0.2530771800472317,-0.08220098359803399,0.9654325430243026,-0.02768059907150654,-0.09407799782371931
1726398289865466600,4.751466552734375,-0.4984367535322669,0.0485358603780928,0.24461745710159652,-0.08484013437716115,0.9678958690482641,-0.03137256384497757,-0.07868794203555672
1726398289875515600,4.761515625,-0.48031609047211526,0.04133474035272738,0.23615373352170482,-0.08747557731238634,0.9702097068713902,-0.03487066651476629,-0.0637802899156524
1726398289885563600,4.771563720703125,-0.46208720868189723,0.034218848754291195,0.22762165796471198,-0.08944122855789952,0.9724113899886453,-0.03786229375652538,-0.04933304868395973
1726398289895612700,4.78161279296875,-0.44368025721762633,0.02700179114668453,0.21899520753179313,-0.09036285004749661,0.9745233325150069,-0.04020327024094556,-0.03502626545822528
1726398289905660700,4.79166064453125,-0.4249580254208789,0.01963673287240447,0.21019686967798443,-0.09103104620872826,0.9765458680815018,-0.042307786160157825,-0.020567862400928966
1726398289915709700,4.801709716796875,-0.405655309460799,0.01220012273352189,0.20108969754737144,-0.09266658771938932,0.9784728403150504,-0.04477681331808647,-0.005866699445428964
1726398289925758700,4.8117587890625,-0.38557078591059046,0.0048787464252442675,0.1915772620445553,-0.09557507816971357,0.9803046855271782,-0.047718173202343256,0.008718228424795152
1726398289935806700,4.821806640625,-0.3648386630685769,-0.0021497071840361243,0.18172899345071392,-0.09944015933998125,0.9820264142854818,-0.050931434688494294,0.02273553382995071
1726398289945855700,4.831855712890625,-0.34356960042425844,-0.00884642357274802,0.17160475205253461,-0.10395249436288855,0.9836309896496626,-0.05425520378966897,0.036031930538454895
1726398289955903700,4.84190380859375,-0.32181252194542237,-0.015165988439397527,0.1612236353242417,-0.10834393389548876,0.9851363928354797,-0.05729958980772965,0.048376097092475034
1726398289965952500,4.851952392578125,-0.29971770060495534,-0.02103473911508248,0.15064744353822979,-0.11210813903823665,0.9865523712248051,-0.059810683903636024,0.05955960360246569
1726398289976000800,4.862000732421875,-0.27734783842576055,-0.026477832658824984,0.13990061510729487,-0.11509792839213107,0.9878844226908448,-0.06173500521754641,0.06964389224970036
1726398289986049500,4.872049560546875,-0.25473152851311825,-0.031496238450979985,0.12897629288687323,-0.1165110591158483,0.9891630434105547,-0.06268614115350143,0.07856066727245935
1726398289996097800,4.882097900390625,-0.23212896599370764,-0.03601052187224895,0.1179749077168018,-0.11564571131690195,0.9904043120500537,-0.062326532042747754,0.0861423832328824
1726398290006146600,4.892146484375,-0.20984701349465473,-0.039951987216532904,0.10706093942058485,-0.11364682917286478,0.9915593395098793,-0.06125320929591136,0.09247693823975703
1726398290016195800,4.90219580078125,-0.18810203501341086,-0.0430933189932881,0.09636882491521571,-0.11218786829748956,0.9925817967206758,-0.06031169752888185,0.09732519726460231
1726398290026243600,4.91224365234375,-0.16689837948634142,-0.04501209952255749,0.08591464151849472,-0.11249252679162515,0.9934684795170926,-0.06010748496589151,0.09993066741085059
1726398290036292900,4.92229296875,-0.14678963194433056,-0.0453872675609018,0.07601647313692793,-0.1168046481325263,0.9941546215965984,-0.06179102111505045,0.09980379969717063
1726398290046340600,4.932340576171875,-0.12769528582959674,-0.04458394148363744,0.06659984880286238,-0.12321341307722443,0.9946960443226234,-0.06447070438124064,0.09743652066045809
1726398290056390000,4.942389892578125,-0.10885560755700188,-0.04309835260580016,0.057220463464128,-0.12823301592175343,0.9952152241641268,-0.06644553083311859,0.09352464296443842
1726398290066437600,4.952437744140625,-0.09019407273185195,-0.04108221063330111,0.047813492766033944,-0.13028440510639275,0.9957627783607195,-0.06695278568530112,0.08833359591447702
1726398290076487000,4.96248681640625,-0.07198302795346813,-0.038727206057176625,0.038542896791394256,-0.12964862376754063,0.9963119293266239,-0.06616039683206186,0.08236186652309128
1726398290086534700,4.97253466796875,-0.05461017395699407,-0.03630003693409575,0.029674791697106826,-0.12855590210532686,0.9967699619447548,-0.06520230635214976,0.076309340709062
1726398290096584000,4.982583984375,-0.03807401130028696,-0.03388148289432418,0.021234300628627894,-0.12798962028569189,0.997111859079193,-0.06456822455891954,0.07036743622031602
1726398290106632700,4.9926328125,-0.0224792234112697,-0.031316988542276845,0.013246441570925548,-0.12692941696073304,0.9973867518483391,-0.06374544630040808,0.06420319866967164
1726398290116681000,5.002680908203125,-0.008178252741180116,-0.0283702757559088,0.005850801737371193,-0.12360225367992836,0.9976648574947593,-0.061852916737030285,0.057363286796839476
1726398290126729700,5.012729736328125,0.0045510281211617746,-0.02491972396910805,-0.0008123941398924722,-0.11755045005287876,0.9979661892369739,-0.058666729635436426,0.049663175533021964
1726398290136777700,5.02277783203125,0.01594837934399713,-0.02108760177237499,-0.006820066604899287,-0.11033003965480853,0.9982426027772309,-0.05495884656524035,0.041363232805229105
1726398290146826800,5.03282666015625,0.026536410106101492,-0.017118684726767076,-0.012400068963965113,-0.10314190091462429,0.998458602614994,-0.05131850225911568,0.03291783467771143
1726398290156874800,5.042874755859375,0.03671889863656237,-0.013181701620065977,-0.017747097187163982,-0.09565730964983014,0.9986230943852415,-0.047572815812603655,0.024641038069122986
1726398290166923800,5.052923828125,0.04644078938909745,-0.009341586543841455,-0.022828888820248066,-0.08795437545326187,0.9987377279275668,-0.04375638613429063,0.016662541513037418
1726398290176971800,5.0629716796875,0.055560825448287464,-0.005712917694079363,-0.027565844183794323,-0.08187119001761017,0.9987714752130019,-0.04078078121041804,0.009163613392088562
1726398290187020800,5.073020751953125,0.06454474932350206,-0.0024745640259952544,-0.032194347033542146,-0.07866013620876418,0.998707155940184,-0.03926049823292314,0.002414799738432174
1726398290197068800,5.08306884765625,0.07396667466220781,0.00030331896499261014,-0.03701358632519979,-0.07656973641675983,0.9985799620623302,-0.03831287504455567,-0.0034419770930648164
1726398290207117800,5.093117919921875,0.08352849204160218,0.0028054613903501354,-0.04188290780225476,-0.07342449197488632,0.9984386194530874,-0.03685292557710524,-0.008689286708540517
1726398290217166600,5.10316650390625,0.09237986565433337,0.005165738795427931,-0.04637784495599271,-0.06888594799155778,0.9983074122987672,-0.03471091542553588,-0.013534038735045242
1726398290227214800,5.11321484375,0.10008835984370529,0.007175339884171313,-0.05027700190038895,-0.06407610411250704,0.9981829080293628,-0.03243086669157816,-0.0175865632917551
1726398290237263600,5.123263671875,0.10678679452663983,0.008554791950466241,-0.05363947473211098,-0.05870844230507034,0.998077605076328,-0.029847582250082987,-0.02028009990448067
1726398290247312000,5.133311767578125,0.11263117596227315,0.009237600663492895,-0.05654292648757537,-0.05220196877974998,0.9980014938822109,-0.026658726007338665,-0.021454649192217998
1726398290257360600,5.143360595703125,0.11758551579454773,0.009314837857349377,-0.05897790603492457,-0.044595914986919505,0.9979535981473904,-0.022881709416523385,-0.02129219131989595
1726398290267409000,5.153408935546875,0.12125468039443442,0.008847452006662983,-0.060759059687179345,-0.03655927194726281,0.9979352994222466,-0.01884840661195119,-0.019950115614458443
1726398290277457700,5.163457763671875,0.12364904722402698,0.0077069099478432644,-0.06190332971591767,-0.02951908585912948,0.9979356865032616,-0.015263790809269076,-0.017272618738636076
1726398290287505700,5.173505615234375,0.12571384629931925,0.005586344066546923,-0.06288714467465886,-0.02441403746889068,0.997925673787121,-0.012582225633384438,-0.012732376832772735
1726398290297554700,5.1835546875,0.12952064362071963,0.001469569226460009,-0.06473281790600612,-0.019969113746860674,0.997850444049762,-0.010100644797086594,-0.004240519719967551
1726398290307603700,5.193603759765625,0.13654561960366826,-0.005456308482713002,-0.06817778352182406,-0.015878531597041553,0.9976294707276747,-0.007584527172952968,0.009852715193630002
1726398290317651700,5.203651611328125,0.14651111827538799,-0.014966749402498754,-0.07309276530298026,-0.012144391773791945,0.9972003393829141,-0.0049894793041903324,0.0291244226909805
1726398290327700700,5.21370068359375,0.15821027456853742,-0.026481277000601402,-0.0788678553070216,-0.009716587170809116,0.9965294202656759,-0.002772658946957602,0.052365324688081916
1726398290337748700,5.223748779296875,0.17030182383899808,-0.03926459820681408,-0.08481249392769366,-0.008737963333213953,0.9956224352529458,-0.0010299922172178403,0.07809005943620827
1726398290347797800,5.2337978515625,0.18199681389305022,-0.05259112865178598,-0.09050007147062372,-0.009472291295891186,0.9945068007181377,0.000049686059193585734,0.10480522382752273
1726398290357845800,5.243845703125,0.1924830445809203,-0.06548380236225014,-0.09557077848715331,-0.009716789635027994,0.9932653001418947,0.0014512526123415504,0.13073506694052414
1726398290367894500,5.25389453125,0.1999758008149336,-0.07675218842760557,-0.09929826300189111,-0.005952194592309842,0.9920820376660743,0.004717778411221571,0.15383187108063998
1726398290377942800,5.26394287109375,0.2021140849300941,-0.08448173423064265,-0.10070535000193233,0.004410090344433814,0.9912644954854589,0.010774959032089379,0.17048230249243118
1726398290387991600,5.273991455078125,0.19836166067960048,-0.08878905074313126,-0.09930193481854062,0.015372911386710243,0.9909503113593903,0.01652815874530563,0.1802277419307341
1726398290398040800,5.284040771484375,0.19059831543907696,-0.09063343261884307,-0.0959400181034408,0.026106737211104812,0.9910143084010933,0.02172005853404153,0.1848567262800845
1726398290408088600,5.294088623046875,0.1817464711608053,-0.09096281684054908,-0.09206942891644729,0.03735532641891377,0.9912225076811552,0.026961507172120834,0.18637046893993017
1726398290418137900,5.304137939453125,0.17367137937555455,-0.09028594377601593,-0.08862868674539448,0.04982370886002911,0.991423497996339,0.032755361963556016,0.18589820943967672
1726398290428185600,5.314185546875,0.16710756322778467,-0.08868864169247628,-0.08600884477489876,0.06449384549242289,0.9915468484272152,0.0396453415035799,0.18372952184028704
1726398290438235000,5.32423486328125,0.16300511817025026,-0.0861814397092986,-0.08462829959463418,0.08069269832736838,0.9915489020904914,0.047345755069001814,0.17988843047436814
1726398290448282600,5.33428271484375,0.15961851231925692,-0.08289283739032682,-0.08354669754835467,0.09719288475869503,0.9915161805978497,0.05517679523580682,0.17448284400726471
1726398290458332000,5.344331787109375,0.15681872149229328,-0.07912678755062838,-0.08266120759179253,0.11320032627817461,0.9914470259717851,0.06276108167396233,0.16806593617102927
1726398290468379600,5.354379638671875,0.15494645136748128,-0.07520292687391195,-0.08215842419306439,0.1289076572569565,0.991293174171743,0.07023080771268088,0.1613353935943444
1726398290478429000,5.364428955078125,0.15402051889233537,-0.07138407704946051,-0.0820699929192541,0.14447938376068006,0.9910268713810333,0.07768274171868483,0.1548560983615289
1726398290488477700,5.374477783203125,0.15341023457343725,-0.06789432129153838,-0.0821144982405413,0.16024152416298093,0.9906448730956662,0.08526629850352678,0.14907304411837233
1726398290498526000,5.38452587890625,0.1518398166791172,-0.06481755368684908,-0.08171880918611303,0.17755892669391155,0.9901294286225033,0.09361856409481775,0.14415508509306996
1726398290508574700,5.39457470703125,0.14762422619185855,-0.06217760478160385,-0.08008166561246066,0.19741477125782075,0.989482903249452,0.10317195429357265,0.14002888571335334
1726398290518622700,5.404622802734375,0.13984350750615673,-0.060009760378278446,-0.0767145990930485,0.21885459192403448,0.9887611360527297,0.11342452503683008,0.13649673017600247
1726398290528671700,5.414671630859375,0.12907188241986717,-0.05848331493434446,-0.07188494925714432,0.24059510605894782,0.9879744641006674,0.12376866173649646,0.1337526959607123
1726398290538719700,5.4247197265625,0.11714968823776388,-0.058068205248371633,-0.06653892678868714,0.2611323794393024,0.9871010866863416,0.1335370362460106,0.1327991878824678
1726398290548768800,5.434768798828125,0.10552036173189845,-0.05914837906987324,-0.061427955790068274,0.27870989315986355,0.9862000252680967,0.1419070364087107,0.13450357291520912
1726398290558816800,5.444816650390625,0.09435409698924471,-0.06172078340745285,-0.056688390818552835,0.293738881072113,0.985269803338937,0.14906542613444057,0.1389706948996425
1726398290568865800,5.45486572265625,0.08258341500991687,-0.06572221232643921,-0.051824659217985174,0.3069034165088998,0.984317221391522,0.15528848280482752,0.14599665747959895
1726398290578913800,5.464913818359375,0.06932163357825412,-0.07109718883632245,-0.04640997159202533,0.31847215742910084,0.9833535364351584,0.16064609592795623,0.15536276552048014
1726398290588962800,5.474962890625,0.05386524021459659,-0.0777602985360893,-0.04010368687701894,0.3288219103590757,0.9823621157579119,0.1652563144475476,0.16680476694103535
1726398290599011600,5.485011474609375,0.036454487335236825,-0.0855197007509814,-0.033040269734790455,0.3387336953728475,0.9812629942092548,0.1694629144765379,0.1800033162070928
1726398290609059800,5.495059814453125,0.017119108960144368,-0.09423564098755925,-0.02526595487112644,0.3490522706284684,0.979965942731472,0.17363231545522487,0.19469714410582592
1726398290619108600,5.505108642578125,-0.0039707444600085495,-0.10387931278305292,-0.016940129993233233,0.36082333342561757,0.9783432404169788,0.17823237542383766,0.21085680620015226
1726398290629156900,5.515156982421875,-0.026590498040155664,-0.1143847021603547,-0.008280803383846489,0.37539102070682756,0.9762362541708567,0.18387591447180784,0.22835780517400572
1726398290639205600,5.52520556640625,-0.05085595792673918,-0.1256402921684913,0.0007733245694684456,0.39208352558531046,0.9736775596932347,0.19017343138732243,0.24687214312589953
1726398290649254000,5.53525390625,-0.07744135905012159,-0.13748177042456072,0.010684362564337921,0.4088223284744749,0.9708548071126766,0.19602436652491284,0.2658825253140903
1726398290659302700,5.545302734375,-0.10624370916595523,-0.1496073311173592,0.02156639032526355,0.42394567915774445,0.9679424996128352,0.20059870253456732,0.28480489196848363
1726398290669351000,5.555350830078125,-0.13689794853691198,-0.16173158201195004,0.03339529360896312,0.43636216902708314,0.9650708720677558,0.20338608061197724,0.3032050680620978
1726398290679399700,5.565399658203125,-0.16758720226709295,-0.17348362811451742,0.04539811676776239,0.44575062801550974,0.962322921167779,0.20439454126857573,0.32081100216464314
1726398290689449000,5.575448974609375,-0.19903813046667843,-0.18485255731419095,0.05793282805673535,0.45273885526434593,0.9596354320375752,0.20389526217777548,0.3375302075856359
1726398290699496700,5.58549658203125,-0.22953898593739702,-0.1956128165697914,0.07017528288452665,0.45785435600530033,0.9570127168343567,0.20233091671944275,0.35331575591829556
1726398290709545700,5.595545654296875,-0.25867113699729166,-0.20561940538433826,0.08187761612469181,0.462214822590027,0.9543998288152251,0.2003441869797243,0.3679236776102686
1726398290719593700,5.60559375,-0.28648562040724546,-0.21479107344763315,0.09304540337892485,0.46646375431942144,0.9517779708057067,0.1983081486608561,0.38112340399261285
1726398290729642800,5.615642822265625,-0.3123201879730868,-0.22297692587503748,0.10344486201936148,0.47017169264750897,0.9492643584282047,0.19615746664006642,0.39276586672321917
1726398290739690800,5.625690673828125,-0.33548549979721104,-0.23006922469515437,0.11283673550456244,0.47280604513216484,0.9469873737987304,0.19378098828967424,0.4028198815861275
1726398290749739500,5.635739501953125,-0.35582960667651914,-0.23606594706489412,0.12118254810990821,0.4742748907574157,0.9450007067049739,0.19121032043573433,0.41132293047032875
1726398290759787800,5.645787841796875,-0.3735365975585226,-0.2410155773389515,0.128502214391878,0.47538917021196814,0.943254363717647,0.1888648730056029,0.41822478398392715
1726398290769836500,5.65583642578125,-0.3894386723288309,-0.245073770445625,0.1351039344985959,0.4769142751286004,0.9416481457158064,0.18704166301070843,0.4235577347266597
1726398290779885800,5.6658857421875,-0.404248721845773,-0.2484532794592815,0.14133265221929145,0.47844926226325823,0.9401617835861764,0.18545082980219568,0.4276702844927616
1726398290789933600,5.67593359375,-0.4179888803861372,-0.25127837519373347,0.1473232797202781,0.4785272498340852,0.9389004359285877,0.1833600321430989,0.43104929877401943
1726398290799982800,5.68598291015625,-0.4315783230357226,-0.2538055038660357,0.15345189231691628,0.47725245902686075,0.9377601261774224,0.18066849259140913,0.434072963215321
1726398290810030600,5.696030517578125,-0.4451642973079719,-0.25618542041439574,0.15967248774663087,0.4753564592078739,0.9366446088447913,0.1776809161445851,0.43693883322738514
1726398290820079900,5.706079833984375,-0.4594471867474488,-0.25862595000315464,0.1661594686061424,0.4738902588836203,0.9353902137207392,0.17478224897403405,0.439789399060954
1726398290830127600,5.716127685546875,-0.47474068044119005,-0.2611479383662825,0.17306562115176682,0.4727829811802943,0.9339711263977478,0.1718957791291936,0.44262256622704654
1726398290840177000,5.726177001953125,-0.49153180324271617,-0.26366602304912795,0.18071779092532644,0.47140520854470025,0.9323991300094715,0.16868102671360982,0.44528667217328566
1726398290850224600,5.736224609375,-0.5098125794924951,-0.2660378910644099,0.18923336638758545,0.4689510719628695,0.930732295940736,0.16477905079076915,0.4476593636631401
1726398290860274000,5.74627392578125,-0.5289233905819698,-0.2681556798550242,0.19841475293168048,0.46446722022348724,0.9290762913377177,0.1598168978142964,0.44987625892990113
1726398290870321700,5.75632177734375,-0.5478241883627474,-0.2700848938702748,0.20764374526332355,0.4587724498701157,0.9274337955129359,0.15428791882062348,0.45214709315666174
1726398290880371000,5.766370849609375,-0.5661595069404284,-0.2718653645743817,0.21669111663500373,0.4522823813122182,0.9257993805502217,0.14842401728224566,0.4545535486248664
1726398290890419700,5.776419677734375,-0.5843719565142691,-0.27353105643248277,0.2256794404598436,0.4457926679975389,0.9240806434431765,0.14256430095246783,0.456915188432354
1726398290900467200,5.78646728515625,-0.6029182189271556,-0.2751307165743714,0.23466245020891832,0.4407797905308999,0.922150497997696,0.137386603195631,0.45888072590524864
1726398290910516200,5.79651611328125,-0.6224080733354186,-0.2766465836648354,0.2438770484854633,0.43784392844020287,0.9199263398805537,0.13314031387893824,0.4601128511978444
1726398290920564200,5.806564208984375,-0.6428188447046388,-0.277826254040973,0.25349528057452947,0.4359230685047273,0.9175014629840278,0.1293981756474281,0.46029043739736936
1726398290930613200,5.81661328125,-0.6632371532016503,-0.2783104811820241,0.26339676394039496,0.432936387519776,0.9151228734058957,0.12536182499787646,0.45931786663791035
1726398290940661200,5.8266611328125,-0.682162707341252,-0.2778831091694094,0.27309805685464333,0.4271700069186406,0.9130692608167646,0.12042783085716988,0.4574657212710192
1726398290950710300,5.836710205078125,-0.6985093609044379,-0.27664310615006577,0.28198579131219575,0.41926589439514617,0.9114403889220646,0.11501711294754155,0.454954026687092
1726398290960758300,5.84675830078125,-0.7123401127151775,-0.2747808954759349,0.289911832635249,0.41047680730658126,0.9101724224018256,0.1096943300612377,0.4518077636335318
1726398290970807300,5.856807373046875,-0.7245675341865648,-0.272198356258069,0.2973359362052087,0.4007973732996424,0.9091753895960085,0.10440080124404115,0.4476717301645793
1726398290980856000,5.86685595703125,-0.7367995073707371,-0.26869584142906083,0.3051416140062167,0.3893499260185677,0.908279234223788,0.09858973238504941,0.44220570883553445
1726398290990904300,5.876904296875,-0.7496065314218318,-0.26413390238162543,0.31366330695274824,0.3755100277513138,0.9074119402331863,0.09193579131124287,0.43530033263117013
1726398291000953000,5.886953125,-0.7629330278307656,-0.2585410422651654,0.3228120379518293,0.3594344553658318,0.9065350599338128,0.08451686674917096,0.4270493089896102
1726398291011001300,5.89700146484375,-0.7757888554269762,-0.25220230580504416,0.3319156620861625,0.3422488059442711,0.9057103390306972,0.07690815982220085,0.41784349570296536
1726398291021050000,5.907050048828125,-0.7868364908857529,-0.2454335525899933,0.3401760559387531,0.32489512478836724,0.9050951851892249,0.0696091216922164,0.40816173084478036
1726398291031098000,5.91709814453125,-0.7963757132134381,-0.2384768338940577,0.34764539115928583,0.307676804996596,0.9046261627060413,0.06263372472303687,0.3983695861828553
1726398291041147100,5.927147216796875,-0.8049159401414855,-0.23135566697985582,0.354616392163406,0.28977650875653393,0.9042366666018389,0.055477565270891684,0.3887738432634969
1726398291051195100,5.937195068359375,-0.8135938398495057,-0.22414199730144072,0.36161055966963357,0.27088812105878035,0.9037207127990082,0.047822022027419156,0.379587791913869
1726398291061244200,5.947244140625,-0.8233459296078318,-0.21703097899017998,0.3689870824952651,0.25126814433089384,0.9028711284876637,0.03961934104923676,0.37112488039125724
1726398291071293400,5.95729345703125,-0.833774495699266,-0.2102984316718179,0.37644679307817586,0.23179440244109867,0.9017126057402816,0.03125484414896629,0.36369067997294924
1726398291081341200,5.967341064453125,-0.8436613647873648,-0.2041359714313689,0.38337758408203626,0.21302858472118477,0.9004544898881324,0.023060751904176346,0.3575159703198544
1726398291091390200,5.97739013671875,-0.8517041968851924,-0.1986563615080126,0.3891522191521547,0.19567306835393622,0.8993644380601228,0.015485733202891096,0.3525331950188655
1726398291101438200,5.987438232421875,-0.8576253263710786,-0.193811349242903,0.39363947253926745,0.18049922095963042,0.8985568000101974,0.0089937982185038,0.34821489554090757
1726398291111487200,5.9974873046875,-0.8628446203344248,-0.18923242710436713,0.3976058107139767,0.16691214383470676,0.8978251182060053,0.0033024287522287004,0.34390832007203187
1726398291121535200,6.00753515625,-0.8688131686770202,-0.1842622876896606,0.4019800722259128,0.15226076580082548,0.8969121061577511,-0.002850643722616546,0.33929880675995594
1726398291131584300,6.017584228515625,-0.8757369134145586,-0.17833338288822653,0.407106532768044,0.1334548308135819,0.8957359602462024,-0.010895886511224183,0.3345570605878471
1726398291141632300,6.02763232421875,-0.8823740419228747,-0.1716683211330666,0.412361097997982,0.11038153887321255,0.894456126215573,-0.020893056363377217,0.33030391549689175
1726398291151681300,6.037681396484375,-0.8879629546799228,-0.1651457126495791,0.41710893943111405,0.08567962827754493,0.8931619855499774,-0.03176123682321836,0.32731267362880456
1726398291161730300,6.047730224609375,-0.8901616216027675,-0.1596755042907824,0.4200363721001538,0.06255994190087719,0.892362861066318,-0.041974147485338245,0.3259810417384512
1726398291171778300,6.0577783203125,-0.8895971895811116,-0.15598797586874585,0.4211806430737945,0.04483228400747959,0.8920703941530005,-0.04985148726849367,0.3260434871219916
1726398291181827300,6.067827392578125,-0.8878554066744985,-0.1541626168799869,0.4211617804304526,0.03473008976640823,0.8921340333670247,-0.054345778668513554,0.32662063752831816
1726398291191875300,6.077875244140625,-0.8874600016223134,-0.15303512646853523,0.4213959619792538,0.029405049697826147,0.8920721356935966,-0.0566826147689959,0.3265828710985232
1726398291201924400,6.08792431640625,-0.8903832089450188,-0.15101099117660838,0.42322467691143095,0.023268435757081478,0.891378810602199,-0.05933269245357253,0.32513647613735935
1726398291211972400,6.097972412109375,-0.8968177034568273,-0.1470403693455259,0.4270667798563279,0.01169036008162715,0.8898617312969637,-0.0643378277103594,0.32218964461877747
1726398291222021400,6.108021484375,-0.9035699928703275,-0.1410108214480417,0.43156378999684386,-0.00715019955290126,0.8880507155125256,-0.07235028129113565,0.318241710934968
1726398291232069400,6.1180693359375,-0.9066060693540965,-0.13403389369822102,0.43462256255353604,-0.030188017939128748,0.8868114550938195,-0.0818751567636889,0.3140311695529975
1726398291242118400,6.128118408203125,-0.9039604887483901,-0.1271645391595861,0.4351154925502184,-0.05420774758300488,0.8866401888823398,-0.09150268543918322,0.31007163295477624
1726398291252167200,6.138167236328125,-0.8960845186982911,-0.12115655320685387,0.4330752035115155,-0.07657314467261052,0.8875393551122684,-0.10020389661989675,0.3066368368173437
1726398291262215200,6.148215087890625,-0.8857863012963346,-0.11667257275503112,0.4295825027744739,-0.0941251934048403,0.8890658814007754,-0.10680930819241465,0.30388141359486065
1726398291272264200,6.15826416015625,-0.8770437666013294,-0.11355353724779685,0.42641178718474315,-0.10623233305981389,0.890453174082799,-0.1112278992592049,0.30163940259913974
1726398291282312200,6.168312255859375,-0.8731848615677792,-0.11085796534846462,0.4252064631793796,-0.11510037003126597,0.8909555224694033,-0.11449160708153068,0.2993552326453794
1726398291292361200,6.178361328125,-0.8744379712792469,-0.10737343284023686,0.42629386777070016,-0.12454521459181886,0.8903878610602665,-0.11812709132237455,0.2962354526692971
1726398291302409200,6.1884091796875,-0.8779590745593503,-0.10217500510179925,0.4285986468527627,-0.1385047270882553,0.8891483351378836,-0.12360771158109342,0.2917760551770812
1726398291312458200,6.198458251953125,-0.8797286610522904,-0.09534306192928663,0.4303270845703238,-0.15788638306788455,0.8879927631309886,-0.13113757511186364,0.2860782040684665
1726398291322506200,6.20850634765625,-0.8771327197935711,-0.08793820353367694,0.4301297636426612,-0.1798297719027524,0.8875848564095808,-0.13945737188155127,0.279707750009882
1726398291332555300,6.21855517578125,-0.8698046044759542,-0.08115456557614067,0.4276766285229084,-0.20077618151602866,0.8881697564339778,-0.14717706684991938,0.27344126825543286
1726398291342604300,6.228604248046875,-0.858927387339506,-0.07586792222178448,0.4234140572752437,-0.21796145391146673,0.8896421373197033,-0.15330162831846542,0.2680076398381768
1726398291352652300,6.23865234375,-0.8456738254885675,-0.07241255347809272,0.41786976221876815,-0.23026573582012674,0.8918221665751092,-0.15746321255673415,0.2638056993540828
1726398291362701000,6.248701171875,-0.8316073890727774,-0.07061766439986011,0.4117898049220393,-0.23802275308521673,0.8943625743895783,-0.15986790237389625,0.26093036604648817
1726398291372749300,6.258749267578125,-0.8180713765503929,-0.0699424980588312,0.4058632809788773,-0.24314908522772635,0.8968482029080181,-0.16138865302315297,0.2593569522067705
1726398291382798000,6.268798095703125,-0.8055780256292019,-0.06976575886995692,0.400411762150518,-0.24804853614794226,0.8990059294695304,-0.1630687768048856,0.25891200692666794
1726398291392846300,6.278846435546875,-0.7932535137877557,-0.06962067876910168,0.39509237957785326,-0.25435209253060975,0.9009216740989144,-0.16551458421651355,0.2591227203406824
1726398291402895000,6.28889501953125,-0.7786084957446737,-0.06932457870518756,0.3888024236703646,-0.26302649616524904,0.9030335396688979,-0.16898871488959005,0.25951444201276336
1726398291412943400,6.298943359375,-0.7606301694573534,-0.06966889978588531,0.38094251855482975,-0.2703074841235966,0.9058337005660939,-0.17173900137552855,0.25998106168786517
1726398291422992100,6.3089921875,-0.7392512592070372,-0.07092144804007941,0.3714128942088484,-0.2746643659684102,0.9094372926911461,-0.17305036156588025,0.26047906983908403
1726398291433041400,6.31904150390625,-0.7147207179955772,-0.0728391824978557,0.36030433995633016,-0.2764039102785099,0.9137534421029192,-0.17300253891351922,0.26072512589671204
1726398291443089200,6.329089111328125,-0.6882873338121983,-0.07524061485510548,0.34814617920290697,-0.2752575716404479,0.91854809865926,-0.17147185832056927,0.26055700089193257
1726398291453138400,6.339138427734375,-0.6620202148204861,-0.07771209475096935,0.33591728062756737,-0.2723792251416244,0.923331021846399,-0.1690569625496315,0.26000593351196827
1726398291463186200,6.349186279296875,-0.6370261884911149,-0.07985986411395339,0.32420785220038867,-0.26967862923138275,0.9277520524357663,-0.16669704354167986,0.25916061336248586
1726398291473235200,6.359235107421875,-0.6133786078987086,-0.08144743544408259,0.31313775709975583,-0.2689088824863478,0.9316698742363618,-0.16523441632163402,0.2581026527810205
1726398291483283200,6.369283203125,-0.5903118010145576,-0.0826518957582919,0.3023705804280227,-0.2700755346027969,0.9352115408320397,-0.1646816196250527,0.2570036580933589
1726398291493332200,6.379332275390625,-0.5671947803754616,-0.08389485106301493,0.2915527727427053,-0.27142408083920605,0.9386103560865022,-0.16422328640011158,0.256036918745379
1726398291503380200,6.389380126953125,-0.5435557163202359,-0.08549133060466291,0.2803999488832083,-0.27133863213591847,0.9420557486825868,-0.1630888927810137,0.25529972823963404
1726398291513429200,6.39942919921875,-0.5188058392717827,-0.08755531998970267,0.2685755494943149,-0.26871339241178277,0.9457144399016607,-0.1607031615091783,0.2546704904246628
1726398291523478300,6.409478271484375,-0.49261732050445495,-0.08987861575576216,0.2558986660217883,-0.2636358503803286,0.9496199538335349,-0.15703389223411365,0.25378610452010747
1726398291533526300,6.4195263671875,-0.464958326446005,-0.09203908022082812,0.2423427863350993,-0.2567821470632267,0.9537271549947749,-0.15232598733226993,0.25205086760044604
1726398291543575300,6.4295751953125,-0.43663962502186293,-0.09337313766943592,0.22829881347083228,-0.24929911385197456,0.9578766673962061,-0.14708287294155628,0.24859004473349933
1726398291553623300,6.439623291015625,-0.41145635126957203,-0.0929820397913641,0.21560662692646945,-0.24243535678632389,0.9616119957172414,-0.1420230185950988,0.24243538146230448
1726398291563672300,6.44967236328125,-0.3863645815419917,-0.09116205266209126,0.20282051420738748,-0.23607128118483559,0.9652885048297469,-0.13700891440145868,0.23369309170194888
1726398291573720300,6.45972021484375,-0.3605979411496372,-0.08876798572954142,0.18958165786184028,-0.2289278277974622,0.9689548180567222,-0.13155064158155574,0.2237662212466211
1726398291583769300,6.469769287109375,-0.3336642533629587,-0.08639473348123286,0.1757147699403787,-0.22109920174922662,0.9725419657263188,-0.12578743989321708,0.2138772870089385
1726398291593817300,6.4798173828125,-0.3053426487916407,-0.08424938866015198,0.1611773961834716,-0.2134932510238907,0.9759490199122378,-0.12019754729227644,0.20461731390464832
1726398291603866400,6.489866455078125,-0.2756568706580391,-0.0824499432203398,0.1459820135094723,-0.205983782489372,0.9791465556920629,-0.11473156127456484,0.19621528540869296
1726398291613915100,6.4999150390625,-0.24473090237728182,-0.0809919328108439,0.13014427241814622,-0.19765101920340233,0.9821597475681267,-0.108926916933281,0.18856188105510902
1726398291623963400,6.50996337890625,-0.21288270864818457,-0.07961719681952147,0.11376922501209737,-0.18775317428242533,0.9850042720147454,-0.10239264856559381,0.1811336804851187
1726398291634012200,6.52001220703125,-0.18055751504780898,-0.07784634788964434,0.09703276556098414,-0.17592551386956523,0.9876810536006234,-0.0949255843772898,0.1730590539530693
1726398291644060200,6.53006005859375,-0.14795748932187558,-0.07515606000469122,0.08001696886253092,-0.16221926024706296,0.9901814800819891,-0.0865420207085102,0.16341224893471967
1726398291654109200,6.540109130859375,-0.11490652037948938,-0.07126210569958842,0.06265694481395635,-0.1469534968402089,0.9924726475066497,-0.07741921642674848,0.15173465610023718
1726398291664157200,6.5501572265625,-0.08102538749820364,-0.06624400807533881,0.044826076022055864,-0.1306880624178441,0.9944821366783124,-0.06788020674276238,0.13828286176044963
1726398291674206200,6.560206298828125,-0.045922026440140123,-0.06051375018170469,0.02642169317014296,-0.11453157687863265,0.9960995174124244,-0.05852935006192627,0.12396558605484619
1726398291684254200,6.570254150390625,-0.009837197914596049,-0.05469657523514837,0.007652463259938062,-0.0999301579645356,0.9972140381530142,-0.050138300026126764,0.11007791875396643
1726398291694303200,6.58030322265625,0.026662861100625886,-0.049461656543346735,-0.011131584705965994,-0.08876246121367307,0.9977592884197071,-0.043658039481407514,0.0978859314857001
1726398291704352300,6.590352294921875,0.0630336314961484,-0.04530759701120801,-0.02965069289143129,-0.08191405689670851,0.9977514618846535,-0.03949768489259554,0.08818342077906645
1726398291714400300,6.600400146484375,0.09906213212858218,-0.04250961444322323,-0.04782305368811043,-0.07927042911262921,0.997244753605103,-0.03753346267950528,0.08128453098161147
1726398291724449300,6.61044921875,0.13484391754523395,-0.04114930562164934,-0.06572405277822303,-0.08019467550877721,0.9962884439683735,-0.03736940371378923,0.07715755208017247
1726398291734497300,6.620497314453125,0.1706592564124699,-0.041049375574813494,-0.08353865272971339,-0.08277412598119009,0.9949338450260038,-0.037985569272582204,0.07540774480481043
1726398291744546000,6.630546142578125,0.2068858389979443,-0.041640020785761525,-0.10150954131012382,-0.08494038941190718,0.9932232883727358,-0.03833279485994079,0.07500369100259865
1726398291754594300,6.64059423828125,0.2434155841461125,-0.041894647239870075,-0.1196427577800049,-0.08552387266492284,0.9912078855592682,-0.03791373911471852,0.07404805123654526
1726398291764643000,6.65064306640625,0.27995986589447613,-0.04087157235988609,-0.13783271692456767,-0.08449820839938421,0.9889248711889091,-0.036868205103180944,0.07073350700989531
1726398291774691300,6.66069140625,0.31665657772224803,-0.03854318031405464,-0.15612610039102762,-0.08260897205248786,0.9863411484603058,-0.03563973148416609,0.06495052163980672
1726398291784740000,6.670739990234375,0.3541032438506587,-0.03548311213666217,-0.1747705908911061,-0.08033879906773767,0.9833669981828291,-0.034430510882707,0.05778311132741329
1726398291794789400,6.680789306640625,0.3925522620720817,-0.0322145210158316,-0.19385004838696385,-0.07784068366338372,0.979938057231619,-0.03325430162253534,0.050264937910484184
1726398291804837000,6.690837158203125,0.43168503470187114,-0.02896296355662205,-0.21318174152754304,-0.07534956396374687,0.9760521370986968,-0.03220141698390482,0.04282230301157943
1726398291814886400,6.700886474609375,0.470889900969995,-0.02589937831778686,-0.23244421513259692,-0.07346857778903029,0.971752770749572,-0.03154890559601081,0.0356764318079585
1726398291824934100,6.71093408203125,0.5094771178235894,-0.023225279964481704,-0.2512872549740178,-0.07276643126164349,0.9671198346634444,-0.031536456449591584,0.029077936213304234
1726398291834983400,6.7209833984375,0.5470016779072597,-0.02104702214030993,-0.2694972211165126,-0.07295142671373071,0.9622403095235151,-0.0319685039778097,0.023275841842225534
1726398291845031200,6.73103125,0.5833425380704963,-0.019507062188202383,-0.28701488491963084,-0.07422597074368222,0.9571628507897972,-0.032882361893678776,0.01846846574540985
1726398291855080200,6.741080078125,0.6184646755112473,-0.018740439974904745,-0.30382309899342974,-0.07696362069706879,0.9519228377929784,-0.03439969528451636,0.014776599287257703
1726398291865128200,6.751128173828125,0.6525715802381156,-0.018755464337511435,-0.3200241760717976,-0.08095103918722497,0.946525230864771,-0.03637103660256696,0.012226122968144442
1726398291875177200,6.76117724609375,0.68604642036032,-0.01939623825077441,-0.3358089326477245,-0.08542775545522834,0.940946645128089,-0.038414579794559346,0.010701936826056122
1726398291885226200,6.771226318359375,0.7192566586074755,-0.020424786711638686,-0.35135968950871754,-0.08964583853015237,0.9351545661967688,-0.04019040587458291,0.009958252642507225
1726398291895274200,6.781274169921875,0.752575774432018,-0.02151183491696657,-0.36686324830071454,-0.09289644420735085,0.9291031078475293,-0.04142426685659387,0.009579489670971547
1726398291905323300,6.7913232421875,0.7865325852798467,-0.022318942865627328,-0.38257571929201944,-0.09478868895511895,0.9226976035406139,-0.0420319619674197,0.009026576604502293
1726398291915371300,6.801371337890625,0.8214680498373209,-0.022508390123346975,-0.3986604896351646,-0.09489491965097267,0.9158629610420813,-0.04192945463234836,0.00779804685794296
1726398291925420000,6.811419921875,0.8573020995349443,-0.021872280147190584,-0.4150746254567456,-0.09297758416628467,0.9085953712047725,-0.041099126539067526,0.005627725595436679
1726398291935468300,6.82146826171875,0.8933129459297224,-0.02049724873298817,-0.4314669582198271,-0.08978143316259035,0.9010110225912936,-0.039940033007699084,0.002470887490617322
1726398291945517000,6.83151708984375,0.9285099385359225,-0.018666935773813873,-0.4473678919825472,-0.08655581028152229,0.8933025901898983,-0.03903811003877418,-0.0015783504900739058
1726398291955565300,6.8415654296875,0.9622689510846608,-0.016726042059888133,-0.4624889852290756,-0.08441702270022329,0.885614716544944,-0.03886785463935473,-0.006326293503190402
1726398291965614000,6.851614013671875,0.9946078090024113,-0.01499936357706348,-0.47684075230663114,-0.08405453199647261,0.8779662297955392,-0.039662934818159176,-0.011488190673994949
1726398291975663000,6.8616630859375,1.026034353586054,-0.013710819104434014,-0.49065321792786215,-0.08539235241300819,0.8702692842679739,-0.04126441417432377,-0.016629592200147807
1726398291985711000,6.871711181640625,1.056901366053449,-0.013075894022912777,-0.5040812506158561,-0.08819683706351268,0.8624653694976067,-0.04341049571134066,-0.021211412947737793
1726398291995760000,6.881760009765625,1.0871339208788138,-0.01322942198162773,-0.5170914122206978,-0.09200455897985027,0.8546051655084296,-0.04573175044708241,-0.024685633200438466
1726398292005808000,6.89180810546875,1.1167706207465617,-0.014076291015481279,-0.5297045635067618,-0.09597391365519463,0.8467194748739206,-0.04776066821483782,-0.026763943438473988
1726398292015857200,6.901857177734375,1.1462868326330335,-0.015486177302013392,-0.5421260051337066,-0.09958549818342513,0.8387105094515794,-0.04923790978027687,-0.027412896536821264
1726398292025905200,6.9119052734375,1.1760563331072453,-0.017276402377979345,-0.5545148287986261,-0.10255137852775488,0.8304861777184241,-0.05007596777745571,-0.02684333025531272
1726398292035954200,6.9219541015625,1.2061440588231107,-0.019323246688332338,-0.5668967044067265,-0.10502224222837482,0.8220176630243623,-0.05041674717643541,-0.025396805531830147
1726398292046002200,6.932002197265625,1.2362260105480696,-0.02158067103561031,-0.5791352946513378,-0.10744808006696839,0.8133770745695508,-0.05053974971694145,-0.023434404397662464
1726398292056051200,6.94205126953125,1.2657873757933733,-0.02396208640878035,-0.5910236600403425,-0.11005617389314648,0.8047070707943935,-0.05063018651454679,-0.021283962484252034
1726398292066100200,6.952100341796875,1.2944875611813758,-0.02643201342708836,-0.6024312843619846,-0.11314594705221048,0.796107676062325,-0.050895659003331685,-0.019238003522202663
1726398292076148200,6.962148193359375,1.3223286375335614,-0.029061866309314236,-0.6133634901664607,-0.11720480043936624,0.78757777241579,-0.0515934654834421,-0.017515031776292097
1726398292086197200,6.972197265625,1.3494604512305381,-0.03231417276242668,-0.6238617473015076,-0.12363980893883009,0.7790477317883334,-0.053263670640009565,-0.016110464170846987
1726398292096245000,6.982244873046875,1.3753977454255586,-0.03699228823418113,-0.633690123045023,-0.13442307503857132,0.7706317790174007,-0.0565256892170982,-0.014625197500656913
1726398292106294300,6.992294189453125,1.3992728927633897,-0.04349982195305749,-0.6424736979492426,-0.14988204352421583,0.762616761480977,-0.061246442277651816,-0.01235138387233397
1726398292116342000,7.002342041015625,1.4210704856899752,-0.05192823941756785,-0.6501712734507076,-0.16939235332674527,0.7550515910452006,-0.06691774448117721,-0.008599096682271013
1726398292126391300,7.012391357421875,1.4417486342835935,-0.061889473706109345,-0.6571339696920817,-0.19107014873494094,0.74771228498301,-0.07260115155103905,-0.0028663301684071054
1726398292136439000,7.02243896484375,1.462205940063543,-0.07253934416601408,-0.6637395661115751,-0.21198011531372135,0.7404400172705826,-0.07704800764452671,0.005142466832044132
1726398292146488000,7.032488037109375,1.482837695889353,-0.08302341497170364,-0.6702161886210952,-0.22959636011593845,0.7332334073812045,-0.07928578555159388,0.015474466472088378
1726398292156537000,7.042537109375,1.503928172150097,-0.0925463972969886,-0.6767856320638035,-0.24220680602368183,0.7260722454718226,-0.0788389725332432,0.027680107837867715
1726398292166585000,7.052585205078125,1.5257373774898824,-0.10063477162390336,-0.6836442972218928,-0.24963492652976732,0.7188385339216138,-0.07598919525588135,0.0407924557496875
1726398292176634000,7.062634033203125,1.5479695314955868,-0.10730403391274922,-0.6907169666793784,-0.2532331803099114,0.7115225993124955,-0.07163501957494588,0.053765343005957186
1726398292186682000,7.07268212890625,1.5698218396987875,-0.11265016002832515,-0.6977275608441947,-0.2543778045096268,0.704302747855877,-0.06666316914224278,0.06570143215656697
1726398292196731100,7.082731201171875,1.5907585694227755,-0.11649210289446141,-0.7045434358040121,-0.2534994040894529,0.6973178682354954,-0.06161247566030105,0.07571905268069666
1726398292206779100,7.092779052734375,1.6103578547023076,-0.11839322767278952,-0.7111201264679722,-0.2509098511604667,0.6906629499317405,-0.05723696954623454,0.08222754016858766
1726398292216828200,7.102828125,1.6279807107104434,-0.11831414354023173,-0.7172702623523295,-0.24723519945756736,0.684539008999443,-0.05414329907824737,0.08441074095635226
1726398292226877200,7.112877197265625,1.6436591444021809,-0.11673887190643469,-0.7229413385549349,-0.2424906835816705,0.6789943000221261,-0.051909429488743566,0.0835723613458585
1726398292236925200,7.12292529296875,1.6576964900567481,-0.1142543698480614,-0.7281471749916861,-0.236826912175262,0.6739756879324744,-0.05004475496231125,0.08121870459038984
1726398292246974200,7.13297412109375,1.6701195449798725,-0.11152401440723092,-0.732796207855709,-0.2311235914431725,0.6694933306452389,-0.048484329603110624,0.07835104203826253
1726398292257022200,7.143022216796875,1.6809514179512044,-0.10901661696413947,-0.7368341315986003,-0.22605519625433387,0.6655539794968849,-0.04720883599404768,0.07561475827884863
1726398292267071200,7.1530712890625,1.690295812704918,-0.10676472688000725,-0.7403028456495939,-0.2213149179640885,0.6621494927313037,-0.04594482761943486,0.07342821228956074
1726398292277119200,7.163119140625,1.6981490615850081,-0.10471368486837122,-0.7432190722564573,-0.216509616274175,0.6593060186118231,-0.04445132003893327,0.07206494795148123
1726398292287168300,7.173168212890625,1.7044058574112941,-0.1028220379274953,-0.7455619798947336,-0.21137857160524662,0.6570787751197733,-0.04257363645565886,0.07170321420405625
1726398292297216300,7.18321630859375,1.7091388837981447,-0.10122151334556931,-0.7473451357879001,-0.20627526294440335,0.6554356365061398,-0.040419775991715264,0.07233639561659033
1726398292307265000,7.19326513671875,1.7125908685532008,-0.10002076998472101,-0.7486409840929301,-0.20159113749377025,0.6542759686663968,-0.03815195434880031,0.07382518057520736
1726398292317314000,7.20331396484375,1.7151377241639154,-0.09923013502501128,-0.7495773972124339,-0.19749621328275174,0.6534523114124131,-0.03587676738528398,0.07597255670429026
1726398292327362000,7.213362060546875,1.7172181555211405,-0.09885749267519355,-0.750300940261357,-0.19412970600543383,0.6527949470826587,-0.033679170702487514,0.07860925135472457
1726398292337411000,7.2234111328125,1.7189200281166366,-0.09895460705296194,-0.7508348876443561,-0.19163255454814765,0.6522699110663618,-0.03160427182766006,0.08172197846434726
1726398292347459000,7.233458984375,1.7198079724686746,-0.0997379496957794,-0.7510069493679667,-0.19041173127099065,0.6520408986774093,-0.029724880238142837,0.08552348023557477
1726398292357508000,7.243508056640625,1.7193242021949509,-0.10136391522427547,-0.7506094460620338,-0.19058334444298575,0.6523254687674778,-0.0279684836947787,0.09038070907880559
1726398292367556000,7.25355615234375,1.717013268268342,-0.10375084296920255,-0.749495858745969,-0.19163413331524876,0.6533087927495527,-0.026061863027251244,0.09664654424832077
1726398292377605000,7.263605224609375,1.712624791883425,-0.10678188786724971,-0.7475884096321057,-0.19304858957642348,0.6550908294317151,-0.02377254849644812,0.10454987024824232
1726398292387653000,7.273653076171875,1.7062356551822555,-0.11034575994481714,-0.7449147871320653,-0.19453949911828824,0.6576347444589854,-0.02103182464862188,0.11404764994638007
1726398292397702100,7.2837021484375,1.6983325539323022,-0.11430857847849649,-0.7416429654996884,-0.19599558507074114,0.6607407518683628,-0.017916346565467048,0.12480535769350133
1726398292407751200,7.293751220703125,1.6900277120417881,-0.11847509778967885,-0.7381650794091743,-0.19741701495458658,0.6639747056353649,-0.014618999632459469,0.13616686410311066
1726398292417799200,7.303799072265625,1.683117514907353,-0.12229283083584969,-0.7351747305101355,-0.19819269608254805,0.6666608679360031,-0.01121888750996102,0.14708982240387816
1726398292427848200,7.31384814453125,1.6797404661702147,-0.12537959113212294,-0.7334712826175366,-0.19825461290209745,0.6680093623530571,-0.007954511614459375,0.15647846426632947
1726398292437896200,7.323896240234375,1.680201715017754,-0.12784238620729305,-0.733155753073823,-0.19823090865874016,0.6679166889281165,-0.005117220382220442,0.16400695006022314
1726398292447945200,7.3339453125,1.6820949490114647,-0.13018891248262127,-0.7333352488602343,-0.19886547148044006,0.6672798491833631,-0.002810096698405889,0.17044750868043768
1726398292457993200,7.3439931640625,1.6820101856222631,-0.1332195300427505,-0.7327197776003184,-0.2013151033408781,0.6673626640160358,-0.0012062415543176276,0.17696603515429668
1726398292468042200,7.354042236328125,1.6774454208690672,-0.13752421602800446,-0.730347345761256,-0.2063419081941313,0.6690887735383463,-0.000390403734686625,0.18450662745991425
1726398292478090000,7.364090087890625,1.6675990043258813,-0.14343822087103936,-0.7258438026176134,-0.21447386647457176,0.6727377136399262,-0.00047062684284145774,0.19351493101337292
1726398292488139300,7.37413916015625,1.6525059295690612,-0.15124434351713828,-0.7190883883693888,-0.2265184936988611,0.6782578690094583,-0.0017782984383876038,0.20402024734039373
1726398292498188300,7.384188232421875,1.6327453648503731,-0.1610238949380596,-0.7101471415854403,-0.24316474299367855,0.6853757488345377,-0.00473949561481934,0.2156600823198431
1726398292508236300,7.394236328125,1.6100107197915339,-0.17225086002054896,-0.6995908868824601,-0.26415655804194554,0.6934042371948329,-0.009638226378025081,0.22734672738243122
1726398292518285300,7.404285400390625,1.5858084759133542,-0.1835346251288369,-0.6881930348728529,-0.2869836924294829,0.7017470569426736,-0.01601853727777066,0.23777629819292392
1726398292528333300,7.414333251953125,1.5599089035939613,-0.19345551566868655,-0.6762364170270801,-0.3082620096260561,0.710459650835295,-0.022943255873435712,0.2463384072027776
1726398292538382000,7.424382080078125,1.5311648777896354,-0.20050790351531045,-0.6637888584816084,-0.323806002490695,0.719954928416694,-0.029081798065163793,0.25278865843110954
1726398292548430000,7.43443017578125,1.4992995183699398,-0.20398631116610116,-0.6510326793687725,-0.3315834574083982,0.7303484432444879,-0.033720915706387744,0.25687086487281807
1726398292558479000,7.44447900390625,1.4652306571387927,-0.20397467020812882,-0.6383243860681194,-0.3317809535736613,0.7413396234065474,-0.03676649721418263,0.2583556346707098
1726398292568527000,7.454527099609375,1.4306951321772468,-0.20129315112891355,-0.6260685669257441,-0.3263018347769056,0.7523544438438098,-0.0384960648339812,0.25752219706906726
1726398292578576100,7.464576171875,1.3973323557300257,-0.1972033839027356,-0.6145000887250202,-0.3178225425084953,0.7628587997412034,-0.03933015673541534,0.2553043485734214
1726398292588625200,7.474625244140625,1.365970722134008,-0.19219974307239626,-0.6038137133218682,-0.3065791488301767,0.7726287559419138,-0.038898501238299715,0.25270421588112546
1726398292598673200,7.484673095703125,1.3369991944420507,-0.18643835285800103,-0.5941562368896529,-0.2918557055524599,0.7815882414963787,-0.03659060306939374,0.2505687402093468
1726398292608722200,7.49472216796875,1.3107126629552608,-0.18066117058511066,-0.5854640800417314,-0.2749503698279769,0.789638028111996,-0.03263433658069123,0.24968774278803502
1726398292618770200,7.504770263671875,1.2873764243549146,-0.1755704280960007,-0.5776913718694988,-0.25723537423560217,0.79667999354812,-0.027363930402934004,0.2507505245409977
1726398292628819200,7.514819091796875,1.2670457147527823,-0.171590298922356,-0.5707994866630209,-0.2395359501542512,0.8026849106101195,-0.021017157054304278,0.2542015758679822
1726398292638867200,7.5248671875,1.2494985814734096,-0.16885856054174964,-0.5647149375651515,-0.22212172660679233,0.8077100276139005,-0.013723988500639824,0.2602035161944088
1726398292648916200,7.534916259765625,1.2342565631121705,-0.16709509909760906,-0.5593754521092098,-0.2038345268695375,0.8118822771262446,-0.005058701520048667,0.2688922667643627
1726398292658965000,7.544965087890625,1.2210733766037716,-0.1660145576038302,-0.5548097683887004,-0.18338000992016343,0.8152270052558331,0.005509936679807448,0.280455139934929
1726398292669013200,7.55501318359375,1.210041263486004,-0.16545464241859667,-0.5511410585723511,-0.1600648873339092,0.8176396605585317,0.018271311049785372,0.29496325763819903
1726398292679062000,7.56506201171875,1.2013222096175715,-0.16558812063395173,-0.5484179340615934,-0.13446431361152325,0.8189805809862434,0.033001807277079354,0.31248524736973604
1726398292689110300,7.5751103515625,1.195064568901411,-0.16663902769324906,-0.5466557348735152,-0.10758777864421389,0.8191288538360942,0.04926333801495934,0.33297688110450824
1726398292699159000,7.585158935546875,1.1898518098880584,-0.16887449931483908,-0.545208603518417,-0.08076428350125626,0.8184330856399364,0.06630450196434272,0.3562098529801687
1726398292709207000,7.59520703125,1.1859278525021417,-0.17218113333760607,-0.5441807692673416,-0.054678201079390115,0.8168365925777543,0.0836605375900361,0.38152969865423725
1726398292719256000,7.605256103515625,1.1816053209500728,-0.17627586625956657,-0.5429436346693107,-0.029342526158016104,0.814832161912202,0.10093296187220946,0.4081067860733207
1726398292729304000,7.615303955078125,1.1752295352247757,-0.18091042052101752,-0.5408895698797397,-0.004629690981946252,0.8129177939816775,0.11778983972896939,0.43515745946199014
1726398292739353000,7.62535302734375,1.1661471191498862,-0.1858948783093542,-0.5377993262041086,0.019407852751712206,0.8113438043959209,0.13392642741487393,0.4619565196091527
1726398292749401000,7.635401123046875,1.1552735254383444,-0.19107544681010796,-0.5340431920669765,0.04231909681163125,0.8099827667781374,0.1490501151616808,0.4878570759152063
1726398292759450000,7.6454501953125,1.1439157371017026,-0.19632325590332642,-0.5301295728202988,0.06373311656607732,0.8086033887245744,0.16303469837353912,0.5124962705472021
1726398292769499100,7.6554990234375,1.1335920033236548,-0.20151511480217044,-0.5266350643451904,0.08331340291266377,0.8069204581052567,0.17585950518884852,0.5356974400354869
1726398292779547100,7.665547119140625,1.1255055091958097,-0.20660408835396835,-0.523981078732152,0.10062166200064686,0.8047402145665933,0.18748822222961617,0.5574285837958
1726398292789596200,7.67559619140625,1.1196779584954901,-0.21159954171722614,-0.5221196758438796,0.11536278547372297,0.8021714521676301,0.19783231745597493,0.5776568948012375
1726398292799644200,7.68564404296875,1.1148440694705775,-0.21659859996483333,-0.5205085431579699,0.127465147918451,0.799629252365384,0.20675841780085658,0.5963620317332154
1726398292809693200,7.695693115234375,1.1094336340109519,-0.221455576774954,-0.5186204267100707,0.138030154600353,0.7974688280062573,0.21455477491001382,0.613524586729062
1726398292819741200,7.7057412109375,1.102220512983656,-0.22596483398972564,-0.5161084011043388,0.1483962234095834,0.7958975211719188,0.22162856138279327,0.6291508726765248
1726398292829790200,7.715790283203125,1.092059686260143,-0.23015399223020364,-0.5125634045124742,0.1589277574033978,0.7951939460895164,0.22797918293926236,0.6431782665106331
1726398292839839200,7.725839111328125,1.0784918642931596,-0.2338393621148785,-0.5079113105464441,0.17051619672818827,0.7953886499723168,0.23388482125273083,0.6555203725974867
1726398292849887200,7.73588720703125,1.0621588972059177,-0.23699143414832574,-0.5023821689802467,0.18293167889336523,0.7963530393195647,0.23930961578187326,0.6660785025127945
1726398292859936300,7.745936279296875,1.0442626943317157,-0.23963679182291303,-0.49637431023026946,0.19560220640187118,0.7978464149588047,0.24418837925842798,0.6748809730544673
1726398292869984300,7.755984375,1.0257083812717758,-0.24193309655248768,-0.4901822431749611,0.2082581407123218,0.7996028998968605,0.2486463607851725,0.6824096476172999
1726398292880033300,7.766033203125,1.0071233156152481,-0.24413860214665603,-0.4840079422006188,0.2208181653571129,0.8013561935754449,0.2529047248644944,0.689432960233706
1726398292890081300,7.776081298828125,0.9885143476379532,-0.24645091201756106,-0.4778745165127538,0.23365909831508183,0.8029403188296655,0.2572637037596277,0.6966479504522968
1726398292900130300,7.78613037109375,0.9698972041138556,-0.2490430761344423,-0.4717759918874256,0.24673094137737842,0.8042873365217549,0.2617763040714054,0.7044356826726224
1726398292910178300,7.79617822265625,0.9515015355510789,-0.25189154403310915,-0.4658199188184489,0.2600902029447873,0.8053230034720295,0.26649076461987714,0.7128355520974871
1726398292920227300,7.806227294921875,0.9331892561805221,-0.25478612004639534,-0.46006545849109537,0.2745399734067169,0.8059856015255678,0.27168175589296445,0.7217384767029212
1726398292930276400,7.8162763671875,0.9144162018388129,-0.2576590628068498,-0.454364937961915,0.29052161378945335,0.8063493853664495,0.27742548703969255,0.7310225741220936
1726398292940324400,7.826324462890625,0.8950308321857,-0.2605468074534447,-0.44860379614310525,0.30749126797657844,0.8065619723754007,0.28342171581525033,0.74039886748589
1726398292950373000,7.836373046875,0.8753011687570067,-0.2633436885409947,-0.4428065194520309,0.3247153480212897,0.8067671247295455,0.2893085108158935,0.7493041512926578
1726398292960421400,7.84642138671875,0.8560373607274039,-0.2659985276241275,-0.43712180194755357,0.34085943257033186,0.807090156759578,0.29457581352533274,0.757215687766805
1726398292970470100,7.85647021484375,0.8381608783676194,-0.2685748075907276,-0.43171708877661435,0.35451168901722024,0.8076062611998729,0.29876420869719184,0.7639353981181635
1726398292980518400,7.866518310546875,0.8221118136820147,-0.2710811897272306,-0.42674102358061927,0.3656070383703095,0.8082237826736935,0.3019624114695177,0.7696835573924599
1726398292990567200,7.876567138671875,0.8079731452842743,-0.2736714096304831,-0.4222365581088822,0.37431221824536,0.8088223834367834,0.30434614733383053,0.7749988630421297
1726398293000615400,7.886615478515625,0.7959695606675119,-0.2764754908254545,-0.41828432085598,0.3806023363407571,0.8092953005393243,0.30600744514813655,0.780305912489592
1726398293010664200,7.896664306640625,0.7857026975968093,-0.2793758885519691,-0.41487863803748487,0.3856378239269128,0.809526977350275,0.3073937944382235,0.7857943540265158
1726398293020713200,7.906713134765625,0.7761701676574553,-0.282300880158762,-0.4118174652379246,0.39087202900895535,0.8094700988687321,0.30898346944351057,0.7916559365345166
1726398293030761200,7.91676123046875,0.7657079696972754,-0.28547575884255894,-0.408503562830789,0.39680451703205555,0.8093549628851655,0.3107621677212517,0.7980517189641876
1726398293040810200,7.926810302734375,0.7544483691122444,-0.28879181387406894,-0.40502460673463475,0.4036382119730916,0.809139836137864,0.312805207592766,0.8048599046890387
1726398293050858200,7.936858154296875,0.7414532784451113,-0.29237252730746816,-0.40091990985094195,0.4108053983836941,0.8091654489589637,0.3146946543628056,0.8117463858248833
1726398293060907300,7.9469072265625,0.7260750838781802,-0.2961865989665836,-0.39588076259523725,0.4180331702909068,0.8096883720579691,0.3161593396468422,0.8182641443573456
1726398293070955300,7.956955322265625,0.7073382400475087,-0.2999218757787938,-0.38962439913332647,0.42620181167251114,0.810892621453211,0.3173212987626945,0.823723657217132
1726398293081004300,7.96700439453125,0.6846657042341358,-0.3031342776102635,-0.38205518666296834,0.43643252137521277,0.8128492569597507,0.31846422136863456,0.8273594534436731
1726398293091052300,7.97705224609375,0.658300307964703,-0.3053359455931343,-0.37343069037531784,0.45003286598712,0.8153766916269705,0.3201254297661405,0.8286460497342968
1726398293101101300,7.987101318359375,0.6289364626033399,-0.3064394439474996,-0.363959728529303,0.4668110289309681,0.8183549767238173,0.32237132776351923,0.827457106474987
1726398293111150300,7.997150390625,0.5976844391609022,-0.3066313032169206,-0.3537892288391616,0.48510146648032376,0.8217917978988812,0.3247594101416451,0.8238499798079912
1726398293121198000,8.007197998046875,0.5660867231876147,-0.30603294069073866,-0.3432193294945401,0.503074158854505,0.8256623525281714,0.3268423171306941,0.8179079024636444
1726398293131247400,8.017247314453124,0.5351417390350349,-0.3047489047486853,-0.33243558434633536,0.519504638748927,0.8299486067696127,0.32832920080963784,0.8097988647485158
1726398293141295000,8.027295166015625,0.5048153637969136,-0.3026929450632428,-0.32162305968752625,0.5357893377607104,0.8343438649525212,0.3298573889651534,0.799890057310645
1726398293151344400,8.037344482421876,0.4740056203526017,-0.30003579812987374,-0.31057745554535554,0.5535696625479146,0.8386217002804607,0.3320148009043058,0.7887397485677757
1726398293161392000,8.04739208984375,0.4416378709547389,-0.29704512972196784,-0.299008727836046,0.5738846964444851,0.8426390932306124,0.335137929499702,0.7768296016819295
1726398293171441400,8.05744140625,0.4075789679017033,-0.2938524450473666,-0.2868859198493314,0.5970032374687676,0.8462737319753342,0.33936393555655786,0.7643620894514686
1726398293181489200,8.0674892578125,0.37300744521282136,-0.2906006258499402,-0.2744622168363637,0.621333314229572,0.8495487759687005,0.34422171403358365,0.7514657787838896
1726398293191538400,8.077538330078125,0.3391356064606911,-0.2874311076716118,-0.26197107627259386,0.6448784230758658,0.8525960711254262,0.34904801254753587,0.7382657825908729
1726398293201587200,8.087587158203124,0.3066505296987673,-0.2844980217608034,-0.2494672914543044,0.6657901570638896,0.8556381094342386,0.3531435705012355,0.724886173114132
1726398293211635500,8.097635498046875,0.2757242072692386,-0.2817673736373598,-0.23691418888083232,0.6832387301520396,0.8588553973070895,0.35615481696512763,0.7112102731472536
1726398293221684200,8.107684326171874,0.2453728731180369,-0.2788143057571689,-0.22417750812207302,0.6997174854262348,0.8620478037948702,0.3589993042775274,0.6966627810349192
1726398293231732500,8.117732421875,0.21540214895392407,-0.2754813390561245,-0.21126947530243242,0.7161522163310713,0.865094844211064,0.36205810012582895,0.6810622192964902
1726398293241781200,8.12778125,0.18614155024121165,-0.2718546249167517,-0.19828411477728872,0.732041209298658,0.8680038577600544,0.36516806357165005,0.6646145614256869
1726398293251829500,8.13782958984375,0.1588872003736374,-0.2678869192928424,-0.18577293856597665,0.7469006965064487,0.8706828951289333,0.3682884439178654,0.6476640819968318
1726398293261878300,8.147878173828126,0.13422558747028274,-0.2637268004482186,-0.17385408963128668,0.7591814383032178,0.8733450532233445,0.37079846438957953,0.630537084592341
1726398293271926500,8.157926513671875,0.1118797002671973,-0.2594182807510305,-0.16233149292297183,0.7681307738585346,0.8762071662449904,0.3723060274688141,0.6131937682803745
1726398293281975300,8.167975341796875,0.09081466030807389,-0.2547801943402886,-0.15070509975544696,0.7740324282188867,0.87942977912393,0.37279805524508414,0.5949745962933504
1726398293292024300,8.1780244140625,0.06942783210398012,-0.24956310885129065,-0.1382580566349533,0.777970100160622,0.8830585525554849,0.3725730017492237,0.5749348470793549
1726398293302072300,8.188072265625,0.047486741860744586,-0.243621920686284,-0.12490167782394017,0.7804431678236134,0.8870063437463523,0.3718436074138684,0.5528045985390028
1726398293312121300,8.198121337890624,0.026077256640213632,-0.23708011072874188,-0.11113242041264053,0.780519214806316,0.891243347873585,0.3703079082264103,0.529264455459454
1726398293322169300,8.20816943359375,0.006641935841532206,-0.23011748443941085,-0.09771573867275415,0.7773970956696448,0.8957015836949088,0.3677176834848669,0.505330661787909
1726398293332218000,8.218218017578126,-0.010012093571338103,-0.22293200487096704,-0.08519390400313773,0.770795134461457,0.900321169645822,0.3639576773397865,0.48186741564009145
1726398293342266400,8.228266357421875,-0.024057924314291195,-0.21577451902464725,-0.07368640825741332,0.7609433604464407,0.9050458554351133,0.35903168502732513,0.45948120417110205
1726398293352315100,8.238315185546876,-0.03664816424702643,-0.20879921693863338,-0.06278982452186266,0.7484727373622462,0.9098412355847156,0.3530570685243275,0.4381722092966688
1726398293362364400,8.248364501953125,-0.04896962099522589,-0.20189015546096747,-0.05200385923042142,0.734487587768576,0.9146209448697281,0.3464165915754414,0.4173462702333694
1726398293372412200,8.258412109375,-0.061573802184002754,-0.1948490978895808,-0.04107872817348842,0.7198415730872989,0.91929796782658,0.33946651398847705,0.3964416915086668
1726398293382461200,8.268461181640625,-0.07411199633751549,-0.187384820426669,-0.03017553573759913,0.7052641932456569,0.9237706420237578,0.33260209492257686,0.37500167162525255
1726398293392509200,8.27850927734375,-0.08574782576256444,-0.17921530290144452,-0.019743409109032835,0.6918929653702973,0.9278605709242126,0.3264458794986652,0.35273311333342805
1726398293402558200,8.28855810546875,-0.09542713874594515,-0.17029042802859098,-0.010267649516129077,0.6792504784645071,0.9316365503775862,0.320856856470253,0.3298345120558657
1726398293412606200,8.298606201171875,-0.10226776646651049,-0.16065824692110264,-0.002084558161433094,0.6655558269361358,0.9353800339399202,0.31503781523744057,0.30664984163272924
1726398293422655200,8.3086552734375,-0.10677562487582995,-0.15052869775450636,0.005094383726312531,0.6490729426450587,0.9393628542168849,0.30807895426595105,0.2834432828859845
1726398293432703200,8.318703125,-0.1097845693712839,-0.14009427877840622,0.011633534397753586,0.6290093553084738,0.9436855844533676,0.29949255644604933,0.2603736119448627
1726398293442752300,8.328752197265626,-0.11243530028318026,-0.12955022081945977,0.017877342243464208,0.6072441430243533,0.9480331674065822,0.2900522022248421,0.23749130203902874
1726398293452801300,8.33880126953125,-0.11518431737623187,-0.11913815571175512,0.02374330124416204,0.587609186106531,0.9518309928219342,0.28153197885330355,0.215084294112328
1726398293462849300,8.348849365234376,-0.1177597547163635,-0.1092294920560956,0.02898798296186898,0.5708292217000318,0.9549863569288092,0.27428023645866584,0.19393711793305868
1726398293472898300,8.358898193359375,-0.11977612938023885,-0.10000705223370573,0.03346160870713135,0.556056983862406,0.9576547751567906,0.26791102339755646,0.17449923030533174
1726398293482946300,8.3689462890625,-0.12098075714908606,-0.09136582392115876,0.03713647959401944,0.5427428913212192,0.9599638264737644,0.26218802006730874,0.1565813440461475
1726398293492995300,8.378995361328125,-0.12134284681449856,-0.08314854509569823,0.04013626049664225,0.5292366528073151,0.962169191435248,0.2563314284490572,0.13988533118892954
1726398293503043000,8.38904296875,-0.1216751885442377,-0.07523594399858802,0.042984655555130806,0.5135741526751801,0.9645232031422795,0.2493731948084521,0.12401281045162306
1726398293513092400,8.39909228515625,-0.12343685830653786,-0.06752157577363957,0.04645096705268927,0.49543158872155924,0.9670275442397024,0.24112445863771656,0.1084016973596673
1726398293523140000,8.40914013671875,-0.12778187012416292,-0.05997226616161532,0.051070901389987676,0.47637267463952876,0.9694415698088042,0.23233221220206093,0.09268101249695886
1726398293533189400,8.419189453125,-0.1351187999578013,-0.052608106191872415,0.056997248258894476,0.45835466040100054,0.971504953768918,0.22396858634701927,0.0767622492992232
1726398293543238400,8.42923828125,-0.14460264079933402,-0.04535686771509421,0.06382699390841391,0.44120126883487903,0.9732480620640601,0.2160026211496399,0.060750732643583764
1726398293553286400,8.439286376953126,-0.15462104807652557,-0.03796508390450126,0.07079906911152396,0.4250773730170692,0.9747001006687164,0.20858079081887174,0.04448916523484637
1726398293563335200,8.449335205078125,-0.16358351491406936,-0.030136233243608358,0.07717139907166069,0.4103668139654934,0.9758875525338887,0.20194020223016945,0.027654658756452826
1726398293573383400,8.459383544921875,-0.17114600062111746,-0.021628559157868696,0.08283121715862522,0.39607303121334564,0.9769381316129946,0.19560941743784496,0.009854555577134785
1726398293583432200,8.46943212890625,-0.1775042606979392,-0.012302203642007287,0.0878911514469738,0.3791546999785777,0.978133543153367,0.18809182470125121,-0.008996939403205692
1726398293593480400,8.47948046875,-0.18280992980263014,-0.002281000842852452,0.09234149406100373,0.3585307374181471,0.9795349467450498,0.1788269003513132,-0.028561529306909944
1726398293603529200,8.489529296875,-0.18743478365066973,0.008071557689059887,0.09625626101005026,0.33587194015384675,0.9809411179182886,0.1685941359063076,-0.04831071802321269
1726398293613577500,8.499577392578125,-0.19233444635386268,0.018227422536866204,0.10002946772787466,0.31310052405940425,0.9821413295999106,0.15830436168526896,-0.06752531589692724
1726398293623626200,8.509626220703124,-0.19851519966676617,0.027743702789661172,0.10411830186769512,0.2906002517465732,0.9830796251517739,0.14813548929233417,-0.08549990169468269
1726398293633675300,8.51967529296875,-0.20673073643292345,0.03636166106419977,0.10887890671137566,0.26788232338435897,0.9837778447371713,0.13785594181752614,-0.10173822046822725
1726398293643723300,8.52972314453125,-0.21674041452835072,0.0440611619794606,0.11417923859616053,0.24372277155895264,0.9843408816047974,0.12686548849840987,-0.1159730088265525
1726398293653772300,8.539772216796875,-0.2272458573310335,0.050907295661618474,0.1193686632845868,0.21724155861536307,0.9848879973818612,0.11469671396696922,-0.12800765757417878
1726398293663820300,8.5498203125,-0.23641961783320992,0.05677327958960345,0.12359914495741976,0.19001711956304665,0.9854369404414101,0.10204911981390183,-0.1375526981886753
1726398293673869300,8.559869384765625,-0.2428709436627515,0.06152747431320738,0.1263142036120376,0.1648232375267511,0.9859610578617044,0.0902209172154072,-0.14462338220276316
1726398293683917300,8.569917236328125,-0.2463573224120134,0.0653414382149351,0.12755793754302586,0.1441312092151172,0.9864020625715131,0.08043867002033982,-0.14998878211727168
1726398293693966300,8.57996630859375,-0.2472020458954521,0.06869878870439297,0.1276108699758579,0.12901402957495645,0.9867235041953859,0.0732978681247637,-0.15489932301444026
1726398293704014300,8.590014404296875,-0.24749883273403467,0.0722072706091946,0.12756457146039132,0.11924508323665005,0.9868004910555291,0.06883403618049806,-0.16076147459177015
1726398293714063000,8.60006298828125,-0.24507489951087746,0.0766203595273656,0.1262996245077728,0.11239330641226881,0.9868356734662973,0.06582647613927695,-0.1686494631437795
1726398293724112400,8.6101123046875,-0.24072501421341977,0.08232299615691091,0.12409982239087382,0.10539381998841348,0.9868526932142915,0.06280069680802575,-0.17902318163811648
1726398293734160100,8.62016015625,-0.23627984360719298,0.0892190345974198,0.12175166904009811,0.09611528223314925,0.9867956681358955,0.058744268889238366,-0.19155566890026407
1726398293744209400,8.63020947265625,-0.2332087957013655,0.09685194693180293,0.11982356109733437,0.08247857850602809,0.9866567316012868,0.05263607586989032,-0.2051697319724431
1726398293754257200,8.640257080078126,-0.23226998442705005,0.10448195641788921,0.11855341389665051,0.06335537991208058,0.9864596311462108,0.043886340500229624,-0.21826920165032046
1726398293764306400,8.650306396484375,-0.23400071385932225,0.11130286577169594,0.11818712187209232,0.0394773915899631,0.9861876422132229,0.03282504135281638,-0.2292939564175734
1726398293774354200,8.660354248046875,-0.23858735317803328,0.11668829137373096,0.11892327567260748,0.01277650166485498,0.9858123363781576,0.020375350075421263,-0.2371277466857177
1726398293784403200,8.6704033203125,-0.24483277383834176,0.12040927171751738,0.12034935703338183,-0.014549254030575406,0.9853734047426138,0.007538076942957794,-0.2414497707336705
1726398293794452200,8.6804521484375,-0.2503669476693306,0.12263551019519127,0.12144543944300612,-0.04107758174637597,0.9849798879871563,-0.005114439066980891,-0.24272101828704357
1726398293804500200,8.690500244140624,-0.25329065970569864,0.12366786620554532,0.12143149434585103,-0.06498202532080133,0.9847231966904577,-0.016762218870700084,-0.24183673044801482
1726398293814549200,8.70054931640625,-0.25307177800348396,0.12380557953788317,0.12013476114358998,-0.08512082862860196,0.9846420292738197,-0.026832936954588535,-0.2396485316524882
1726398293824597200,8.71059716796875,-0.2501716359272537,0.12332603236229284,0.1177203180389887,-0.10256896183898594,0.9847087599626662,-0.03579709253594217,-0.23665518663136415
1726398293834646300,8.720646240234375,-0.2451803703584645,0.12238491022154377,0.11437618460451261,-0.11905355014603326,0.9848673123072961,-0.044456366619118705,-0.23299877033481617
1726398293844694300,8.7306943359375,-0.238296027055877,0.12099022083723672,0.11021238889730513,-0.13442892384287827,0.985106844558948,-0.05271714033183923,-0.22874606001590758
1726398293854743300,8.740743408203125,-0.22977036881560173,0.11909656356696421,0.1054352432012859,-0.147329853004912,0.9854510928898107,-0.05987970050187746,-0.22396857423983388
1726398293864791300,8.750791259765625,-0.22003781719577625,0.11683707328175802,0.10023865115551318,-0.15788184563830177,0.9858757269341941,-0.06595752213613303,-0.21889454885187443
1726398293874840300,8.76084033203125,-0.20984498680016567,0.11450362524142016,0.09491763043799023,-0.16689497470736755,0.9863060655997403,-0.07127410308027776,-0.21396986967098436
1726398293884889300,8.770889404296875,-0.20009563517450363,0.11242644973624831,0.08984505784116621,-0.17512151752257493,0.986657923223158,-0.07612001262403,-0.20970858789385588
1726398293894937300,8.780937255859374,-0.19136111342331275,0.11080602357796447,0.08522919967143477,-0.18357051576957198,0.9868660497531712,-0.08095341750890099,-0.2063638020795392
1726398293904987000,8.79098681640625,-0.18381219343101368,0.1096405306273199,0.08109872576298577,-0.19330199238371448,0.9868911394175885,-0.08630169655738366,-0.20381682902608617
1726398293915035000,8.801034912109374,-0.17672233658375042,0.10873000351640763,0.0770849163744989,-0.20484563464751152,0.9867528837374757,-0.09249022772874314,-0.20168461819445505
1726398293925084000,8.811083984375,-0.1685392783517674,0.10774067387259384,0.0724572743597271,-0.2180787388378527,0.9865232912905002,-0.09956744249601643,-0.19946870406687917
1726398293935132000,8.8211318359375,-0.157816862494841,0.10620575916568276,0.06667487751591042,-0.2305072156349793,0.9863839668191342,-0.1064027357224801,-0.19659446820421653
1726398293945181000,8.831180908203125,-0.14365250328574133,0.10375524263243509,0.05944872119057972,-0.23979261059267734,0.9864986729912889,-0.11189768877139045,-0.19259287279583345
1726398293955229000,8.84122900390625,-0.12607960796531248,0.10026983750039428,0.0508757025651041,-0.24446939671715237,0.9869456221690077,-0.11530857595809632,-0.1872818285352871
1726398293965278000,8.85127783203125,-0.10606773068754878,0.09591986376652908,0.041442978778847096,-0.24365155195039442,0.9877251773339772,-0.11610680980715513,-0.1808454548740284
1726398293975326700,8.86132666015625,-0.08487308766653262,0.09120261938521834,0.03165941936408475,-0.23800856372543658,0.9887201323295459,-0.11450863249166747,-0.1739734532250381
1726398293985375000,8.871375,-0.06380469207914898,0.08673421390725596,0.022007973860507384,-0.22928182085097654,0.9897524187685817,-0.11127873315260424,-0.1675759596502184
1726398293995423700,8.881423828125,-0.04379985267488212,0.0829668681205242,0.012786531378186835,-0.2202187883275231,0.9906292958582823,-0.10773425883106794,-0.1623357898064204
1726398294005472000,8.891471923828124,-0.025317900254532334,0.07994515614694145,0.0041494850725436695,-0.21287203716573982,0.9912556356945819,-0.10489906409552847,-0.1582816993346174
1726398294015520800,8.901520751953125,-0.008281829012602387,0.07728658246908202,-0.0039725424877542,-0.2094563705236595,0.9915717984068563,-0.10390508988722447,-0.15471238493768
1726398294025569000,8.911569091796874,0.006863368839240075,0.0743957105558739,-0.011326836704830189,-0.21120480424561316,0.991582344668178,-0.10536388364905509,-0.15049324960823027
1726398294035617800,8.92161767578125,0.01948876801154999,0.07071388614533107,-0.017513629551938727,-0.21795390967667086,0.9913497787166445,-0.10917174609549866,-0.14453104268071745
1726398294045666800,8.931666748046876,0.029171524267307694,0.0658563573276892,-0.022219423555441695,-0.2289508823648491,0.9909386573962965,-0.1149341661019149,-0.1360460428718949
1726398294055714800,8.94171484375,0.035873111664737244,0.05964559663376708,-0.025288110617887806,-0.2420934931002762,0.9904618885027254,-0.12160634634700943,-0.12462612829018344
1726398294065763800,8.951763916015626,0.040322206919800936,0.052160632283357544,-0.02700571341468019,-0.255906853800221,0.9899701300944199,-0.1284877295123224,-0.11043910512431827
1726398294075811800,8.961811767578125,0.04358761902770931,0.043657067499377124,-0.027896978699389154,-0.26997272678187445,0.9894339426164888,-0.1354114529091179,-0.0940854568068331
1726398294085860900,8.97186083984375,0.04670178107300359,0.03450658247037357,-0.02848865777263096,-0.28330341752709487,0.9888662188245134,-0.1419198434331965,-0.07640531694547735
1726398294095908900,8.981908935546874,0.05043506612663426,0.025162147154276927,-0.02922232165858209,-0.29520052069084496,0.9882825246396097,-0.1476836444169341,-0.05839912752124091
1726398294105958000,8.9919580078125,0.055004404574989535,0.016018094838316982,-0.0302928666235023,-0.306469197293727,0.9876160529856703,-0.15310204487986961,-0.04092667921232433
1726398294116006000,9.002005859375,0.060148510444289836,0.007188830731787112,-0.031606414814052415,-0.31833147496491104,0.9867832793481668,-0.15877087286341268,-0.024226361804069577
1726398294126054700,9.0120546875,0.06507628540560888,-0.0014622174394626041,-0.032737839458134084,-0.33062505238304096,0.98581609208855,-0.16459887366259204,-0.007894350034731821
1726398294136104000,9.02210400390625,0.06890711657282587,-0.010122804602051061,-0.03320551870663046,-0.3432177725936002,0.9847427802430078,-0.17051873439714668,0.008612497917433558
1726398294146151700,9.032151611328125,0.07120718316274184,-0.01877674536363822,-0.03278434646109375,-0.3563505897964318,0.9835460473887448,-0.17666337743424473,0.025354717133574324
1726398294156201000,9.042200927734376,0.07182176327560712,-0.026994969219021007,-0.031476276050045486,-0.3690952031934918,0.9823104649864405,-0.18261076274382948,0.0415510231644543
1726398294166248700,9.052248779296875,0.07027967359615055,-0.03425980015540199,-0.029146261014946554,-0.38189818456787283,0.9810178275318002,-0.18862857166560382,0.05625297737377152
1726398294176298000,9.062298095703126,0.06577155323371875,-0.04034073880557896,-0.02541985262291524,-0.3960938288922009,0.9795605102137405,-0.1954164668568904,0.06915257613278093
1726398294186345700,9.072345703125,0.05803166244072895,-0.04505211899997577,-0.020209596351526672,-0.41155039655908593,0.9779451597445945,-0.20294101830052028,0.07999959603732754
1726398294196395000,9.08239501953125,0.04723746556783376,-0.04851845785783017,-0.013606928140184622,-0.4276710050098093,0.9762054098760351,-0.2109119982484483,0.08910610201969948
1726398294206442800,9.09244287109375,0.03380123837239891,-0.05114973609716095,-0.005793063126396496,-0.4426310980096086,0.9744961155881874,-0.21842025805021476,0.09731331179426425
1726398294216492000,9.102491943359375,0.018745609849556713,-0.053270431266910806,0.002728427632077088,-0.45511829968423634,0.9729440108940623,-0.2247995564841667,0.10507825523887752
1726398294226540800,9.112540771484374,0.0030756663375672314,-0.05515182273821107,0.011510325947010878,-0.4660095755980576,0.9714515548500671,-0.2304511180194984,0.11269819250445885
1726398294236589000,9.122589111328125,-0.013060547492220076,-0.05699246220199722,0.020507386425025764,-0.47515055012505686,0.9700343913249742,-0.23529678108831015,0.12051142704025235
1726398294246637800,9.132637939453126,-0.02958930255102464,-0.05877138658879912,0.0296675967504759,-0.4826040179404763,0.9686936816209126,-0.23937035501419582,0.12841870368591848
1726398294256686000,9.14268603515625,-0.046089074893997446,-0.060347517671343096,0.03877947278781529,-0.4898389613343467,0.967276614747139,-0.24337266168977853,0.13604044087943482
1726398294266734800,9.15273486328125,-0.06207180322123788,-0.061586519752975126,0.04752955813716893,-0.49617720894567197,0.965899276275141,-0.24695472967117324,0.14293424700575516
1726398294276782800,9.162782958984375,-0.07676106983764791,-0.06265345696577392,0.055538237758943364,-0.5012508362556307,0.9646428851883355,-0.24990833176868998,0.14918816028383586
1726398294286831900,9.172831787109375,-0.08916955705651611,-0.06403011542353082,0.062449032081366096,-0.5059589986545273,0.9634181160087851,-0.25263792192961465,0.15555612542413194
1726398294296879900,9.1828798828125,-0.09912701872784448,-0.06606931706004403,0.06823180951389649,-0.5095130674325343,0.9623279270870834,-0.25476311462857915,0.1626427017091603
1726398294306929000,9.192928955078125,-0.10783806300917366,-0.06878262141103267,0.07342560448070065,-0.510099768126484,0.9615720203479374,-0.2554543119028791,0.17061927339036756
1726398294316978000,9.20297802734375,-0.11674493551000766,-0.07197520327943015,0.0786651988269329,-0.5068938437672494,0.9612120660478092,-0.2543670149406805,0.1793464369055387
1726398294327026000,9.21302587890625,-0.127799589897046,-0.07505146470122519,0.08478748598020683,-0.5002004830084706,0.961154681709236,-0.25171394253000373,0.18806312053903426
1726398294337074700,9.22307470703125,-0.14203571703249615,-0.07722138115689559,0.092275975362697,-0.49351073973888043,0.9609484744583581,-0.2491987633150815,0.1956474307381962
1726398294347123000,9.233123046875,-0.15956284293578785,-0.07786370945740677,0.10110037698404822,-0.48800046607276515,0.9604836593716045,-0.24736031259460253,0.20093956874465108
1726398294357171700,9.243171630859376,-0.17949327813579546,-0.07704692664532628,0.11073971170982014,-0.4817680215305865,0.9600358017242219,-0.24521782656901955,0.2036510990611046
1726398294367220000,9.253219970703125,-0.20025577522206756,-0.07543784429508475,0.12045553481069647,-0.472776352945857,0.9598803652150693,-0.24172137442103106,0.20447790151676962
1726398294377268700,9.263268798828125,-0.22012798735178493,-0.07380779049616809,0.12959121539456217,-0.46166363209685435,0.9599615649830223,-0.2371334220014491,0.2045903810249401
1726398294387318000,9.273318115234375,-0.23785877470296785,-0.07279435734780518,0.13775907830148826,-0.45040985942377515,0.9600567480420831,-0.2324099883879402,0.2052445667312082
1726398294397365800,9.28336572265625,-0.25275175174637676,-0.07285929208639227,0.14479079334001058,-0.44075996636970616,0.9599724344837728,-0.22842958329884405,0.2075211042579732
1726398294407415000,9.2934150390625,-0.26418437628332114,-0.07420950155579603,0.15046494019854112,-0.4337951412204227,0.9596339058474008,-0.22573423185765387,0.211941224091233
1726398294417462800,9.303462890625,-0.2714212738058395,-0.07684637402398879,0.15436818608337716,-0.4286970071671298,0.9592359269582879,-0.2239008027869656,0.21828324677034885
1726398294427511800,9.31351171875,-0.2741053086329665,-0.0807562071546233,0.15621081440101714,-0.4234594114898446,0.959075921612847,-0.221923340042351,0.2261593289457845
1726398294437559800,9.323559814453125,-0.27239364879479555,-0.08592685656433141,0.15595720093908091,-0.41624084699964237,0.9593656698055324,-0.21888661809418747,0.23530998704389075
1726398294447608800,9.33360888671875,-0.2666811425095533,-0.09205015284077321,0.15375858949036542,-0.40758821874532497,0.9600285851545844,-0.21501212083952145,0.24531455758464982
1726398294457656800,9.34365673828125,-0.25710367724728533,-0.09851066316283326,0.14967153904408437,-0.39939570124008533,0.9608943896768738,-0.2111304331302075,0.2552808023818718
1726398294467705900,9.353705810546876,-0.24390855788967936,-0.10461878012724272,0.1437849380061966,-0.3929860681553514,0.9618727276730654,-0.20780217900347672,0.2640761436446633
1726398294477755000,9.3637548828125,-0.2280487930903019,-0.10983447341508495,0.1365322094043652,-0.38890923312640213,0.9628866625932171,-0.20529171288661618,0.27087450946043606
1726398294487803000,9.373802978515625,-0.21107807229471703,-0.11377300291487805,0.12860439130883608,-0.38668070675128313,0.9639133017298168,-0.20344022110590734,0.27511876075181224
1726398294497852000,9.383851806640624,-0.19468115229803584,-0.1162020711382128,0.12076121853847384,-0.38558914019674473,0.9649354928976214,-0.2020231639551873,0.2765601489045111
1726398294507899600,9.393899658203125,-0.18039067391765626,-0.11704078956568666,0.11370900875537937,-0.38493803820864597,0.9659387975781069,-0.20083292310431652,0.2752437336607324
1726398294517949000,9.403948974609374,-0.1691663992654462,-0.1163722583230466,0.10788187345214308,-0.38381397495318387,0.9669590599943279,-0.19952219743258648,0.2714245194136162
1726398294527996700,9.41399658203125,-0.16120861061617203,-0.1144600595590238,0.10340575537526783,-0.3818219663937581,0.9680007802224349,-0.1979407375270325,0.2656445632740417
1726398294538046000,9.4240458984375,-0.15619476632236878,-0.11169790939397153,0.10019396004514737,-0.378898923614164,0.9690439213781301,-0.19605776082199494,0.25864200983774516
1726398294548095000,9.434094970703125,-0.15360587285539917,-0.1084285738262774,0.09806866518937424,-0.37523311270325405,0.9700579461913827,-0.1939416845128949,0.25103144104818187
1726398294558143000,9.44414306640625,-0.1528573556171528,-0.10491552805639298,0.09681103250172488,-0.37115796325355116,0.9710111377197616,-0.19172285778779302,0.2432622138252643
1726398294568191700,9.454191650390625,-0.1538992454163696,-0.10141622760716355,0.09643851424400356,-0.36655499659282414,0.9718863890806511,-0.18934414038697497,0.23583014966850346
1726398294578240000,9.464239990234375,-0.1574469059947786,-0.09814164436497282,0.09730155041955402,-0.36057843236162357,0.9726989183394944,-0.18643332597170748,0.22920670373826071
1726398294588288800,9.474288818359375,-0.1641672709080964,-0.09511423521815554,0.09966359733853203,-0.3518127515382904,0.9735393434572754,-0.18232253865633571,0.22339008740357585
1726398294598337000,9.4843369140625,-0.17424525228957785,-0.09223638480428613,0.10357354400725147,-0.33963253936800475,0.9744457455409292,-0.17669338989215647,0.21808484251124946
1726398294608385800,9.4943857421875,-0.18732679309138048,-0.08930352813233233,0.1088366353256916,-0.3241827041266331,0.9754110995238241,-0.16956598234803702,0.21272605404351072
1726398294618434000,9.50443408203125,-0.20277337983779464,-0.08600571934227251,0.11518931377470669,-0.3072262119868727,0.9763084517610771,-0.1617289557715029,0.20666306147903674
1726398294628482800,9.51448291015625,-0.21966716784242854,-0.08192883965826513,0.12222171760821768,-0.2906189461637722,0.9770550092343944,-0.15399044194258102,0.19905177602826815
1726398294638531800,9.52453173828125,-0.237146932550151,-0.076692880165655,0.12951301237988874,-0.2752344867282246,0.9776663722276596,-0.1466730264020897,0.18907680255507395
1726398294648579800,9.534579833984376,-0.25457566483327715,-0.07003856062446151,0.13675925762403673,-0.26169474656711433,0.9781583238006801,-0.1399917610216306,0.17621854409667448
1726398294658628900,9.54462890625,-0.27148456145423755,-0.061895639349370514,0.14374073640399562,-0.25028505498637127,0.9785423007100896,-0.13402414384746272,0.16035074407815522
1726398294668676900,9.5546767578125,-0.28755417758021945,-0.052392303390841985,0.15031485398269573,-0.24112559529506286,0.9788104208801348,-0.12880485081280996,0.14176116364942704
1726398294678726000,9.564725830078125,-0.3027449493528226,-0.04192920679272378,0.15647625631664797,-0.2337964470314485,0.97894909741777,-0.12416039456823844,0.12124627415110113
1726398294688774000,9.57477392578125,-0.31764886836196427,-0.031118640511862614,0.1625485566566299,-0.2277584021646267,0.9788914085985467,-0.11992198497192691,0.10007679814431697
1726398294698823000,9.584822998046874,-0.33308646505453726,-0.020632549066461427,0.1689820255689411,-0.22269962343778116,0.9785448381584938,-0.11605781962765205,0.07968742990027569
1726398294708871000,9.594870849609375,-0.34973242632026236,-0.011066381592656292,0.17615002749601952,-0.21841278177063203,0.9778416862148267,-0.11258035218073452,0.0613428671635797
1726398294718919700,9.604919677734374,-0.36770750158932175,-0.002801180026833964,0.18413326204420516,-0.2148285538339536,0.9767745941806348,-0.10953790807688991,0.045827426715198315
1726398294728969000,9.614968994140625,-0.3865358345508107,0.00410289370906478,0.19268747040390177,-0.21194787795819253,0.9754042031619641,-0.10696455113976754,0.03322360977121041
1726398294739016700,9.6250166015625,-0.4055617084606442,0.00989592569821391,0.20145260787207342,-0.20993198235056496,0.9738120742865463,-0.10492328592997684,0.023002623765608063
1726398294749066000,9.63506591796875,-0.42419405791178905,0.014992830201677017,0.21008545643029372,-0.20849226729610712,0.9721042764049967,-0.1032114496280943,0.01421773929950912
1726398294759113700,9.64511376953125,-0.4424922139393651,0.019719349155086763,0.21857662821845508,-0.20682109830855752,0.9703399553316844,-0.10136945140186784,0.006045077844361312
1726398294769163000,9.6551630859375,-0.4613455855060301,0.024219853974807894,0.22734768374465877,-0.20455839628396266,0.9684460308272289,-0.09919075991328632,-0.0018096648556603055
1726398294779210800,9.665210693359375,-0.4818313669172809,0.02845520262494317,0.2369280477247073,-0.20189512161838188,0.9662757341561721,-0.09678101233994962,-0.009130997875390717
1726398294789260000,9.675260009765625,-0.5047053983753369,0.03233383656226522,0.24768811669621482,-0.1990732127527472,0.9636990785402203,-0.09428223534910517,-0.015615633010785748
1726398294799307800,9.685307861328125,-0.5304152071002943,0.03587359615314152,0.2598293189457261,-0.19645515092173033,0.960604470624729,-0.09187345327532476,-0.02117942346309611
1726398294809356800,9.695356689453124,-0.5589439288860193,0.03928993362518022,0.2733001258050901,-0.19464970715083538,0.9569209099566268,-0.08980944153534237,-0.026107820560238193
1726398294819405800,9.70540576171875,-0.5897156698928938,0.04305167500788615,0.2877456914616606,-0.19483684870226253,0.9526308455756347,-0.08856379860703124,-0.031061998970943024
1726398294829453800,9.715453857421876,-0.6216775116412758,0.04779180706984141,0.30256473993465616,-0.19772451621850276,0.9478259575414784,-0.08829825307590573,-0.037173315406156995
1726398294839502800,9.7255029296875,-0.6538982642878647,0.053852710327127344,0.31724863072248227,-0.20305312915027446,0.9426452362279981,-0.08873163813945309,-0.04524345404614973
1726398294849550800,9.73555078125,-0.6858624919018915,0.061303485990077275,0.3315094989965775,-0.21087334998945906,0.9371639011351304,-0.08981764491058887,-0.055380327294527076
1726398294859600000,9.745599853515625,-0.7173526516091769,0.06956903255379109,0.3452909050460732,-0.21988507045066286,0.9314760530839664,-0.09103189322459473,-0.06678844888550203
1726398294869648000,9.75564794921875,-0.7489050006379327,0.07781290931531261,0.35895348408895905,-0.22845414085426102,0.9255658370651362,-0.09179094647868184,-0.07822433297838365
1726398294879697000,9.76569677734375,-0.7818402328374924,0.08529917684170256,0.3732315763172281,-0.23544449055934413,0.9192404802976563,-0.0917555091773968,-0.08844406762338701
1726398294889746000,9.775745849609375,-0.8176044363667275,0.09184878073353858,0.38882995980738094,-0.24058919873150023,0.912208137551155,-0.09083771372879362,-0.09708198761778533
1726398294899794000,9.7857939453125,-0.8570182033177428,0.09799590951435358,0.40602809008244667,-0.24419207090557263,0.9042269719831694,-0.08894782219532088,-0.10518430834682013
1726398294909842400,9.795842529296875,-0.8997382304970369,0.10404135860512219,0.4245867513325253,-0.24607064720204175,0.8952853525289399,-0.08582402235910927,-0.11365847656215704
1726398294919890700,9.805890625,-0.9445463986525172,0.10988811560766375,0.44392193369569644,-0.24629377244019834,0.8855556209518282,-0.08154185368667885,-0.1225340451769963
1726398294929939500,9.815939453125,-0.990240348061181,0.11525204541009816,0.46349532442941865,-0.24538148686864267,0.8752306490413593,-0.0765526305434964,-0.13115637427423465
1726398294939987500,9.825987548828126,-1.0359328251068074,0.1199133691471477,0.48291804577243036,-0.2440264402295592,0.8644714468381283,-0.07141451917462037,-0.13879383279259774
1726398294950036500,9.836036376953125,-1.0808310435720951,0.12369720173172573,0.5018696867091912,-0.24226709358738396,0.8534786996894342,-0.06633100024400468,-0.1450751767651946
1726398294960084500,9.84608447265625,-1.1243955487218469,0.1266522037344452,0.5201122357299099,-0.24057182210314673,0.8424035712270744,-0.06163431417033152,-0.1498309874084862
1726398294970133500,9.856133544921875,-1.1667754205929945,0.1289676958909206,0.5376874050875013,-0.23940848546433008,0.8312330120525948,-0.05754403096023013,-0.15312065300841723
1726398294980182500,9.8661826171875,-1.208773801063007,0.13073912127180326,0.5549359908710327,-0.23843171301027788,0.8197909357485684,-0.05381535454721185,-0.1552522688747327
1726398294990230500,9.87623046875,-1.2512526304428053,0.13191296309975506,0.5722370947453345,-0.2367069078360644,0.8078684935514865,-0.04992184096476927,-0.1566421920552956
1726398295000279600,9.886279541015625,-1.2945491257906074,0.13258345698391322,0.589697037409362,-0.23387280146666034,0.7953628183110917,-0.045575992665174835,-0.15780600007145457
1726398295010327600,9.89632763671875,-1.338394818495858,0.13272492673325773,0.60719279418121,-0.2293598049708738,0.7823454149558499,-0.040454792259646634,-0.15921760785604716
1726398295020376300,9.906376220703125,-1.3823450180624608,0.13222724192104135,0.6245475464200556,-0.22275966887510976,0.7689429253659283,-0.03439628750500752,-0.16108187582205943
1726398295030424600,9.916424560546876,-1.4258565978535922,0.13118908436299442,0.6415089932975013,-0.21471302745958784,0.7553051387904264,-0.027746705887888908,-0.16330088494593872
1726398295040473300,9.926473388671875,-1.4682815509126543,0.1297675823952773,0.6577926121875657,-0.20634588417664354,0.7416347797423198,-0.021147750515345634,-0.1654119140945495
1726398295050521600,9.936521484375,-1.5086951018638834,0.12793575153013,0.6730771051223969,-0.19816095920662732,0.7282675044170105,-0.01504318340067271,-0.16686575225999195
1726398295060570400,9.9465703125,-1.5460500932485586,0.1258066176837074,0.6870035969747542,-0.19058108393500967,0.7156144643829919,-0.009725837456229304,-0.16747651030460403
1726398295070619600,9.95661962890625,-1.5795936869533984,0.12369885197447252,0.6993108531889771,-0.18412873159397755,0.7040130546716312,-0.005341000869552135,-0.1674830756658905
1726398295080667400,9.96666748046875,-1.609114255704973,0.12167374286810054,0.7099872177853814,-0.17826606551068766,0.6936218921316041,-0.0014917519641870994,-0.16745439473807952
1726398295090716700,9.976716552734375,-1.6348955039227155,0.11954942962304765,0.7192242804563398,-0.17162792167754137,0.6844103439589793,0.0026223195513024812,-0.1682058636651174
1726398295100764400,9.986764404296874,-1.6572679002228659,0.1175249471197151,0.7271470744170423,-0.16395732622819736,0.6763059174461028,0.007438873460258706,-0.17061042644665916
1726398295110813700,9.996813720703125,-1.6768912543310575,0.11631894036732446,0.7338985581435806,-0.15673837006833335,0.6691045458575692,0.012722658935966878,-0.17522870572579136
1726398295120861400,10.006861328125,-1.694529026084409,0.11668135816071552,0.7396402030718046,-0.15149244748393242,0.6625588579093955,0.0182633090156294,-0.18264691105855899
1726398295130910700,10.01691064453125,-1.7107896427949825,0.11893717732387118,0.7445258072147204,-0.14845377900781204,0.6564623199108575,0.02434105085760319,-0.19360790059836508
1726398295140959500,10.02695947265625,-1.7262558070928116,0.12339587910820737,0.7486721495242059,-0.14795560572163266,0.6506091737406893,0.03116287319087209,-0.20873909706932814
1726398295151007700,10.0370078125,-1.7417047435975919,0.13069005421113308,0.7521661392580147,-0.15162059423891588,0.644743258723409,0.038369776768320055,-0.2282199173327948
1726398295161056500,10.047056396484376,-1.7582820615309076,0.13896264492345525,0.7556226543350582,-0.15561126618389878,0.6383763250457832,0.0468971050789892,-0.25091865937286506
1726398295171104500,10.0571044921875,-1.7764966216632494,0.14327438293643974,0.7600892359827168,-0.1478407682138221,0.630953778401384,0.06028326197394314,-0.27592840856593065
1726398295181153500,10.067153564453125,-1.7967911207319185,0.14288433780531343,0.7657843287566729,-0.12479993223194472,0.621832419513895,0.08051545333612063,-0.3057570215067715
1726398295191201500,10.077201416015624,-1.8199908325261378,0.13676648667197955,0.7730153406463413,-0.08500465048178674,0.6100353615554646,0.10769835237703089,-0.3398755284155705
1726398295201250600,10.08725048828125,-1.847246740737313,0.13198132235407908,0.7808513912657096,-0.05251681366639952,0.596213300289812,0.13183961517600365,-0.37177778092896785
1726398295211298600,10.097298583984376,-1.87765540383297,0.13635592596094373,0.7879979386554596,-0.05342728544942299,0.5833792676908998,0.14189773525470367,-0.3927437349689616
1726398295221347600,10.10734765625,-1.909901388264949,0.14563292111700576,0.794772203167646,-0.07394907465709596,0.5715312786648749,0.14310927153801548,-0.4049209252115559
1726398295231396400,10.117396240234376,-1.9438861030081385,0.15407192081497914,0.8019239843352852,-0.09463553311958646,0.5590579132055657,0.1436455933221234,-0.4144165597819892
1726398295241444600,10.127444580078125,-1.9781689184274296,0.1592732594451182,0.8095216084320807,-0.10844568535685069,0.5459516493175118,0.1457518621166883,-0.42233298152673
1726398295251493400,10.137493408203126,-2.010771600694036,0.16064220052162775,0.8172934046601643,-0.11427979959535689,0.5329371276230044,0.1490089338276958,-0.42771466407531483
1726398295261541600,10.147541748046875,-2.040301407057876,0.15834423910512377,0.8250076937104626,-0.11322754994520687,0.5206872949817208,0.15223075872148747,-0.4291288088333082
1726398295271590400,10.15759033203125,-2.0673352986067877,0.15364899285331818,0.8326553915730521,-0.1088740997584943,0.5092552242338761,0.15406519652260847,-0.42581104306056344
1726398295281638700,10.167638671875,-2.093816445077962,0.1479229107047321,0.8404339850214296,-0.10437777389206529,0.49805935933244855,0.15403380947364612,-0.4183565389137601
1726398295291687400,10.1776875,-2.120691087702375,0.14145461482837088,0.8484217311267542,-0.09964003272513636,0.48664287462190065,0.1528067144774522,-0.4082075934959904
1726398295301735700,10.187735595703124,-2.147242076286289,0.13414021957083402,0.856365870193918,-0.0934581756333616,0.47517221504804424,0.1511795101078858,-0.3967353774305399
1726398295311784400,10.197784423828125,-2.172180760201555,0.12610867518684496,0.8638895518597012,-0.08546296696713389,0.4641614078046671,0.14948464338152806,-0.38477004359488926
1726398295321833700,10.207833740234374,-2.194713061994073,0.1176288161793524,0.8707511810806285,-0.07591890232321634,0.45398893334781426,0.14781720817082986,-0.37280413523134626
1726398295331881500,10.217881591796875,-2.2149621340147743,0.1090910762073797,0.8769141008303089,-0.06554533569566352,0.4446739305287243,0.14623916258740102,-0.36130821187326523
1726398295341930800,10.2279306640625,-2.2338371541114266,0.10094577734740703,0.8825179049912183,-0.05535372341979124,0.4359046308805388,0.14477314802019126,-0.3506786717987561
1726398295351978500,10.237978515625,-2.2525506074460733,0.09348378700305117,0.8877906737921352,-0.046061796750072014,0.42719937737224645,0.14348970872286257,-0.34123387731604277
1726398295362027500,10.248027587890626,-2.2719764788953825,0.08655364428505102,0.892930671086993,-0.03736123858437235,0.4181403458041371,0.14262548140900924,-0.3332251593882917
1726398295372075500,10.258075439453124,-2.292358180343378,0.07993352082843247,0.8980112521267475,-0.028812144540045905,0.40858143311780504,0.14229433676799869,-0.3266611515496705
1726398295382124500,10.26812451171875,-2.313308520763172,0.0734445262848322,0.9029934733215137,-0.02018202086544062,0.3986860822325392,0.142330852828314,-0.321099740909244
1726398295392173600,10.278173583984374,-2.3342676228573045,0.06696543846115251,0.9078142016267712,-0.011419433279956663,0.38871956643944877,0.14242938445585965,-0.31588771819337697
1726398295402221600,10.2882216796875,-2.354732287827528,0.060649317199081045,0.9124050887382003,-0.0030339870085792312,0.378966269437547,0.14220860608841648,-0.31043387629779945
1726398295412270600,10.2982705078125,-2.3743181627718326,0.05466536062028924,0.9167071417582877,0.00460616820611711,0.3696395919558362,0.14151410834780914,-0.30455318356398664
1726398295422318300,10.308318359375,-2.392828305371332,0.04915302115067427,0.9206864090604049,0.0113120518269163,0.36084653416175927,0.1403934249475306,-0.29839868229615324
1726398295432367600,10.31836767578125,-2.410145855706499,0.04419628159476991,0.9243307337215659,0.016994063900209938,0.352649410101712,0.13891603053171656,-0.29211711802027307
1726398295442415400,10.328415283203125,-2.4261680182653365,0.03976742151084826,0.927637623889603,0.021791963721407973,0.34508781078324735,0.13719052619830566,-0.2858496146756156
1726398295452464600,10.338464599609376,-2.44067064782072,0.03577992413619905,0.930584409837342,0.02598821300373297,0.3382471454399581,0.13535591383397041,-0.2797601388903414
1726398295462512400,10.348512451171874,-2.4534363768273852,0.031892428965040236,0.9331554092630743,0.030415093732049515,0.3321728115760047,0.13366039350558054,-0.2740571917662526
1726398295472561700,10.358561767578125,-2.4645082228306507,0.02766316503272885,0.9353842234807396,0.036009195219974935,0.3267890162714873,0.13228740777154166,-0.2687838454504874
1726398295482610400,10.3686103515625,-2.474046580736858,0.02292482102684886,0.9373206168331485,0.04300803800730065,0.322019997503737,0.13117834262521558,-0.26372320701691976
1726398295492658700,10.37865869140625,-2.482241797832313,0.017724241056500178,0.9390139506453056,0.05115096520913365,0.31781105712773633,0.13013407022749174,-0.25853170981942836
1726398295502707500,10.38870751953125,-2.4892764640553904,0.012523300801048834,0.9404570799223949,0.05960709363512496,0.3141177195542816,0.1292818486680525,-0.2537500086628271
1726398295512755700,10.398755615234375,-2.4955891051950703,0.00789953514322026,0.9416772610495311,0.0673545396237986,0.3107721167030257,0.12884990728717846,-0.2501816582188853
1726398295522804500,10.408804443359376,-2.5019240088878916,0.003945605328769054,0.9427825569070877,0.07421136363356026,0.30741761774979903,0.12899554275628483,-0.24819574501044228
1726398295532852700,10.418852783203125,-2.5083802491971823,0.0006000408651878749,0.9437830120405961,0.08037698598122414,0.30397824757621617,0.1298863259777034,-0.2480703259637889
1726398295542901500,10.428901611328126,-2.5145569495254017,-0.0018807474074693904,0.9446233084918528,0.08535377412906753,0.30066940945088066,0.1314577499433567,-0.249815450698827
1726398295552949500,10.438949462890625,-2.519796693646766,-0.0034776164780164266,0.9452306433651276,0.08906105828485526,0.2978191502177251,0.13353132483464514,-0.2530566226910829
1726398295562998500,10.44899853515625,-2.5236390637912267,-0.004477670821736615,0.945565077936882,0.09202196562848175,0.29562895595267064,0.13597855579176654,-0.25733652665258644
1726398295573047600,10.459047607421875,-2.5261079359552476,-0.004985963742615308,0.9456561620868688,0.09432492483506566,0.2940997681682963,0.13861834068312542,-0.2622329757175055
1726398295583095600,10.469095458984375,-2.527549394425209,-0.005022925411300001,0.9455777395678013,0.09584959381911787,0.2930937388998972,0.14125747027373073,-0.26736965081549147
1726398295593144600,10.47914453125,-2.5284827295581285,-0.004750992023986677,0.9454127842620332,0.09683051333271886,0.2923561514077489,0.14387462203274998,-0.2726285689113872
1726398295603192600,10.489192626953125,-2.5293958768243683,-0.004287100627777616,0.9452262216880253,0.09747543416511642,0.2916387768682897,0.14654625319368492,-0.2781093672561014
1726398295613241300,10.499241455078124,-2.5305290836929246,-0.0035700558588305253,0.9450350997885719,0.09770699215343188,0.2908223288377945,0.14939312561652998,-0.2840930710300102
1726398295623289600,10.50928955078125,-2.531879066554741,-0.002640426016589215,0.9448032733816967,0.09777722317011725,0.2898667568674903,0.15269935452985522,-0.2911050488130981
1726398295633338400,10.51933837890625,-2.533339421694067,-0.0014804854280145053,0.9444714609487982,0.09785291659323175,0.28878161302820765,0.15676941738221414,-0.29974167279046016
1726398295643387600,10.5293876953125,-2.534592414884329,-0.000003455821948705806,0.9439723526755096,0.09785468743883387,0.28771256274184603,0.16167162498022888,-0.3101748001365857
1726398295653435400,10.539435302734375,-2.535089738426056,0.0015816092878946921,0.943240962945987,0.09819972367918732,0.2868978834493481,0.16728269880858518,-0.3220199319553118
1726398295663484700,10.549484619140625,-2.5344067850702263,0.002927097302889335,0.9422732082761827,0.09942487921266398,0.2865276320922128,0.17324716483465463,-0.3343653272236148
1726398295673532400,10.559532470703125,-2.5324629424462057,0.004015230966887597,0.9411519986419639,0.10119034621922965,0.2867231403672535,0.17890430595519594,-0.3459120129680937
1726398295683581700,10.569581787109374,-2.529661069036412,0.004945317168291987,0.9400143439756563,0.10291538945219586,0.2873938248873439,0.18372082029852024,-0.3556960394894362
1726398295693629400,10.57962939453125,-2.526770322256516,0.005794854954373132,0.9389988583789395,0.10420979990140407,0.28823274538033844,0.18753543007165555,-0.3634828125935111
1726398295703678700,10.5896787109375,-2.5244711671817517,0.006637861963784753,0.9381683506120255,0.10495058265989185,0.28891116942303113,0.19059510155880777,-0.3698290969021634
1726398295713726500,10.5997265625,-2.5228625176144064,0.007525751785259636,0.937469028096322,0.10529873835777755,0.28932473589515495,0.19335586098886065,-0.3756583339748851
1726398295723775700,10.609775634765626,-2.521545105707158,0.008605604788155526,0.9367821171306215,0.10526754654546781,0.2896214490116214,0.19617531995502016,-0.3817357059105146
1726398295733824500,10.619824462890625,-2.519947022706158,0.010077079014199089,0.9359832868318554,0.1047028581765726,0.2900606463751144,0.1992448159509877,-0.3885269475109606
1726398295743872800,10.629872802734376,-2.517781336078035,0.01200918553600795,0.9350082768445701,0.10359136007022406,0.29076787056211795,0.20265561215657316,-0.3962407713964419
1726398295753921500,10.639921630859375,-2.515049794947293,0.014237979350236376,0.9338334632022153,0.102365533971448,0.2916861708996875,0.20657114556185346,-0.4051016007952202
1726398295763969500,10.649969482421875,-2.5117555546566734,0.01671495884376856,0.9324593532193208,0.10111011706902535,0.2928076964274078,0.21095938370216902,-0.4150226286778273
1726398295774018600,10.6600185546875,-2.5078768193803884,0.019762935115007613,0.9309034157163008,0.0990142285177403,0.29424947953545066,0.2155119494172725,-0.4256052215007046
1726398295784066600,10.670066650390625,-2.5035503215292305,0.02377300865375987,0.9291738450935331,0.09518052423833054,0.29605514616566575,0.22005019237890605,-0.4367601883834422
1726398295794115600,10.680115478515624,-2.4990585768404388,0.02876559842312344,0.9272504294527835,0.08965675613215018,0.298072050314331,0.22479357007223957,-0.44895941892733743
1726398295804163300,10.690163330078125,-2.4945063997464354,0.03423966893080103,0.925100941257113,0.08364979576610629,0.3000997065132971,0.23012171359782335,-0.4626513101392332
1726398295814212600,10.700212646484376,-2.4896150296288453,0.039709837674415126,0.9226975986609091,0.07824430530810449,0.30214906241995637,0.23613189924505826,-0.4777173251747049
1726398295824261400,10.710261474609375,-2.4841830555198996,0.045045721576935295,0.9200707417833663,0.07357086689931934,0.3043246842497796,0.2425431016568449,-0.49352215188576143
1726398295834309600,10.7203095703125,-2.478372873309784,0.05026869265432629,0.9173132870933453,0.06930975931167582,0.30662154909523204,0.24898318011342524,-0.5093594240117427
1726398295844358400,10.7303583984375,-2.472535091603074,0.05538107734890124,0.9145497284839548,0.06513242818985063,0.3089530555205134,0.2551074734901376,-0.5245658156847363
1726398295854406700,10.74040673828125,-2.467137330353949,0.06034200573584187,0.9119048083126192,0.0608409752845427,0.3111554235544829,0.2607119088884803,-0.5387231078198573
1726398295864455400,10.750455322265625,-2.462468524881957,0.06500784697016992,0.9094479127544562,0.056633418289146295,0.3130775844309355,0.26582111400742553,-0.5517823723321666
1726398295874503700,10.760503662109375,-2.45856166766238,0.06919621960917473,0.9071966019781109,0.052928546499953835,0.31464355566530694,0.27056532499698804,-0.5638641868939711
1726398295884552400,10.770552490234374,-2.4551225078312298,0.07285264175092573,0.9051315235048171,0.049904399467247534,0.31596497936012563,0.2749462582662892,-0.5749142383263063
1726398295894600700,10.7806005859375,-2.4518093343196528,0.07589631276703337,0.9032529152453957,0.04774447025322835,0.3171842692540408,0.2788691611868126,-0.5846709250055714
1726398295904649200,10.790649169921876,-2.4485714490499033,0.07822546759042195,0.9016111450909731,0.046579418732764964,0.3183209792953523,0.2822231596639659,-0.5928328374010263
1726398295914698200,10.8006982421875,-2.4455820245223747,0.07981182121596148,0.9002687454008096,0.04634832884547012,0.31931497587542074,0.284928574362954,-0.5992154708804942
1726398295924746200,10.810746337890626,-2.443033792134875,0.0806769245301826,0.899255630238559,0.046956597581770294,0.3200901923740451,0.2870069031198196,-0.6038707844573754
1726398295934795300,10.820795166015625,-2.440965474268685,0.0809786473919373,0.898532507962867,0.04814701392129748,0.3206489233886954,0.2885585583313525,-0.6071022490495105
1726398295944843000,10.830843017578125,-2.4392141442429516,0.08101927996440296,0.8980072099921479,0.04942812760067358,0.3211150587890591,0.28966188188656394,-0.6092711877410272
1726398295954892000,10.84089208984375,-2.4375320825666402,0.08107972480676044,0.8975850278135671,0.05035427715238789,0.32164884367671964,0.2903606162063052,-0.6106560697052511
1726398295964940000,10.85093994140625,-2.435736806836364,0.08115389374982392,0.897209258130578,0.051089174226465264,0.3222937418911001,0.2907857264774179,-0.6115070700257336
1726398295974989000,10.860989013671874,-2.4337127702994654,0.08109129504871677,0.8968532848860107,0.052075688153606685,0.32302573396220674,0.29108872239788575,-0.6120137992556917
1726398295985038000,10.8710380859375,-2.4314936003119096,0.08084467435585772,0.8965124773561802,0.05345042447905228,0.32380298563025606,0.29134385448469874,-0.6122891996134181
1726398295995086000,10.881086181640624,-2.4292220803497004,0.08059205997895673,0.8961835037594522,0.054794233648791935,0.32461816728055,0.29151891111211237,-0.6123990325495547
1726398296005135000,10.891135009765625,-2.4270951131328635,0.0805522184962348,0.8958521575786015,0.05562867580627307,0.32544014041743136,0.2916314237684006,-0.61253952960295
1726398296015183000,10.90118310546875,-2.4252975813269977,0.08069302681656117,0.8955197410723694,0.056058800793841616,0.32615522326624646,0.2918146071359868,-0.6129566772129622
1726398296025232100,10.911232177734375,-2.4238575458356264,0.0808959966526525,0.8952059921749547,0.05632533219686721,0.326718065257699,0.29209117571188264,-0.6136115391327438
1726398296035280100,10.921280029296875,-2.422606130407508,0.08110395224227954,0.8949350392851162,0.05647199514217089,0.32722197272128656,0.29229976443740296,-0.6141408675082383
1726398296045329200,10.9313291015625,-2.421327393097259,0.08119625294962593,0.8947195774804594,0.056729833274072564,0.3277484279806959,0.292343832073756,-0.6142617576240758
1726398296055377200,10.941377197265625,-2.4198697879540076,0.0810469542337772,0.8945708219368832,0.05735687343842412,0.32834016655910675,0.2921763657977342,-0.6137863790998872
1726398296065426200,10.95142626953125,-2.4181819778977345,0.08072113144876886,0.8944850532174518,0.05818933162718863,0.3290503671734359,0.2917301785845542,-0.6126276212440384
1726398296075475200,10.96147509765625,-2.4163759632172943,0.08035740722466746,0.894446288548889,0.05894015566245312,0.3298603762932725,0.29103385702782936,-0.6109449806151938
1726398296085523200,10.971523193359374,-2.414739515776037,0.08010721977509012,0.8944436752956358,0.059306281596026474,0.3306632793206985,0.29019846265227733,-0.6090754270583564
1726398296095572200,10.981572265625,-2.4134028681195483,0.07994609621433628,0.894449165578294,0.05946421846984236,0.33134679070253653,0.2894451246265931,-0.6074404614839953
1726398296105620200,10.9916201171875,-2.4123477125561896,0.07968643144647032,0.8944583736565915,0.05990354610297473,0.33183761419361296,0.2889256219756988,-0.6062013694497432
1726398296115669200,11.001669189453125,-2.411436951924697,0.07907688161649781,0.8945006678452723,0.06114076855665921,0.3321381491102858,0.28861692836847236,-0.6051251021018828
1726398296125717200,11.01171728515625,-2.4103951238219032,0.07798558786313295,0.8946229846301977,0.06330055064890082,0.3323982767005773,0.2882349935778839,-0.6035487851246283
1726398296135766300,11.021766357421875,-2.409068928636764,0.07653472669730159,0.8948784010902224,0.0658582117321911,0.3328149408982287,0.28734886699752243,-0.6007100861622964
1726398296145814300,11.031814208984375,-2.40762888717117,0.07515740038320987,0.8952792544898206,0.06769530093421405,0.3334895111607214,0.28567672320818494,-0.5963778626828103
1726398296155863000,11.041863037109374,-2.406362053875674,0.07416003528908748,0.8957740968334326,0.06826011871911979,0.3343314196276481,0.2833930474929727,-0.5911308811368093
1726398296165912000,11.051912109375,-2.4053607849572676,0.073665802776075,0.8962497712169823,0.06765054631978933,0.33521222469348577,0.28096704254892374,-0.5859853957781299
1726398296175960000,11.0619599609375,-2.404544286341933,0.07357671931504424,0.8965996011853415,0.06647579929343911,0.33601822675630866,0.27890390102874896,-0.5818572253275307
1726398296186009000,11.072009033203125,-2.403774492762679,0.07362058056420723,0.8967812197645731,0.06555007434286661,0.33667132454986776,0.27751748595199094,-0.579154863280523
1726398296196057000,11.08205712890625,-2.402788187191069,0.07361874727898736,0.8967856165279494,0.06530106505461544,0.33724138214372407,0.2768108364220239,-0.5777428603418708
1726398296206106000,11.092106201171875,-2.401305098151532,0.07345435353550346,0.8966372547235327,0.06587300043760227,0.33786928970950497,0.2765691928006785,-0.5771054054131506
1726398296216154000,11.102154052734376,-2.399128794579297,0.07310562767287411,0.896369390100793,0.0671556171823401,0.3386953830920743,0.2765196098942619,-0.5766855347600277
1726398296226203100,11.112203125,-2.3961731257162278,0.07264490760994241,0.896007378487024,0.06885059367335858,0.3398264351374559,0.27642624895249124,-0.5760709806089189
1726398296236251100,11.122251220703125,-2.3925817505678824,0.0721581482829744,0.8955771700673769,0.07067902712959327,0.34124393752799653,0.2762016284022157,-0.5751573212730975
1726398296246300200,11.132300048828125,-2.388547690335651,0.07165374295116374,0.895099740236283,0.07258695265307878,0.3428644427815539,0.2758735272697554,-0.5740099554154915
1726398296256349200,11.14234912109375,-2.3843831841186,0.07100406439246014,0.8946388746379516,0.07474371400717053,0.34452814858888603,0.2754634880211144,-0.5725849169406351
1726398296266397200,11.152397216796874,-2.380668987665926,0.0699163232192191,0.8943084295402758,0.0776314047240263,0.34590821968591734,0.27508468550143517,-0.5709009828540785
1726398296276446200,11.1624462890625,-2.3781131507262487,0.0680309917693116,0.894197090826553,0.08203797807388213,0.3465466579047724,0.27511593853872846,-0.5694483944682786
1726398296286494200,11.172494140625,-2.37618619187965,0.06523615071539678,0.8940651022116562,0.0889829255105879,0.34643338793158995,0.2763613999290914,-0.5696889246234749
1726398296296543200,11.182543212890625,-2.3737578859801536,0.06325750194051405,0.893694317887236,0.09460667510741266,0.34666164273856354,0.27773141504437815,-0.5707601622794053
1726398296306591200,11.19259130859375,-2.370467393348526,0.06278642226955976,0.8931267113022041,0.09692236116527503,0.3477674685898819,0.2782812005696704,-0.5713295218751981
1726398296316640300,11.20264013671875,-2.3666270195634707,0.06329530555070507,0.8925331698847554,0.09669164069031906,0.34956500541910646,0.27781773595868736,-0.5706447316049715
1726398296326689300,11.212689208984376,-2.3625903171866067,0.06432049576371132,0.891971083749168,0.09494890337307557,0.3517310160414763,0.2766510323188562,-0.5689840829948342
1726398296336737300,11.2227373046875,-2.358618802227302,0.06517386959138588,0.8914479991232801,0.09347603513358042,0.3538432405112984,0.2754411158364601,-0.5671204627251967
1726398296346786300,11.232786376953126,-2.354000512769542,0.06525476753740583,0.8908389292592465,0.09404128669156919,0.35594169149859867,0.2746878987651031,-0.5655249771231798
1726398296356834000,11.242833984375,-2.348357760034285,0.06505626872352992,0.8900359614898659,0.09568557823704296,0.3583224285096076,0.2742421355884923,-0.564262712654901
1726398296366883300,11.25288330078125,-2.3422028737408933,0.06508676569084752,0.8891279896356614,0.09693871909417859,0.3609881638081419,0.273683423756586,-0.562934631743246
1726398296376931000,11.26293115234375,-2.3364545748894128,0.06533630448171845,0.8883043487031628,0.0973994311710023,0.36360890048838335,0.2728281980120216,-0.5612238029095125
1726398296386980000,11.27297998046875,-2.3319765044550045,0.06557600881271797,0.887754277437006,0.09721742653447611,0.3657971296020825,0.2716331019863442,-0.5589094733295307
1726398296397028000,11.283028076171876,-2.329169420551039,0.0656821028451054,0.8875712962286166,0.09649834108649055,0.3673696289296345,0.27007862180525627,-0.555875615823632
1726398296407077000,11.2930771484375,-2.328031411520812,0.0656408170119497,0.8877384947737603,0.09536699814869716,0.36829433510956083,0.2682739399774613,-0.5523209538810314
1726398296417126100,11.303126220703126,-2.3283087079046787,0.06559357066390999,0.8881574761660992,0.09378777678926876,0.368652945539044,0.26639958951066706,-0.5486924924475378
1726398296427174100,11.313174072265625,-2.329582190561019,0.06566075589584254,0.8887053846579676,0.09180755476703466,0.3685926763449383,0.2646331676051114,-0.5454068890510472
1726398296437223200,11.32322314453125,-2.331389137598445,0.06578960319586057,0.8892937241628303,0.08974200147404854,0.3682679122952963,0.2630724538992527,-0.5425877041914475
1726398296447271200,11.333271240234374,-2.3332603106854775,0.06584829519444588,0.8898674890853494,0.08795309554093758,0.36785245426406055,0.2616951721098049,-0.540066426862022
1726398296457320200,11.3433203125,-2.3349168199661365,0.06574236698805219,0.8904101688458139,0.08662514348250873,0.36746555464296016,0.2604167461519611,-0.5375948034147546
1726398296467368200,11.3533681640625,-2.336230472889412,0.0654544629335971,0.8909151408698636,0.08576821560042001,0.3671741946427913,0.2591697778156219,-0.5350254552894463
1726398296477417200,11.363417236328125,-2.3371632206431627,0.06504003642760227,0.891375499422306,0.08525030799283342,0.3670164483764719,0.2579116437625121,-0.5323200876860412
1726398296487465200,11.37346533203125,-2.3377270828079713,0.06456678107271448,0.8917828784753641,0.08493634867496445,0.36700121015680975,0.25664064340091214,-0.5295298504485463
1726398296497514200,11.38351416015625,-2.337912739740901,0.06403245578738626,0.8921381615049864,0.08482072908383448,0.36713588370709377,0.25534386284328375,-0.5266281688302509
1726398296507563000,11.39356298828125,-2.337676778236244,0.06348664725279064,0.8924410424313738,0.0847523876534485,0.36746761844333503,0.2539411354555501,-0.5234989631829234
1726398296517611300,11.403611328125,-2.336961129728181,0.062975872471568,0.8926909540035829,0.0845790349691863,0.3680512994537661,0.2523396251608324,-0.519999040107344
1726398296527660000,11.413659912109376,-2.335861931879476,0.06249361675029738,0.8929000407832751,0.08430298184964248,0.36884049158739174,0.25056084353277425,-0.5161690494498937
1726398296537708000,11.4237080078125,-2.3345826165571943,0.06190017071796483,0.8930950937873343,0.08425834805574926,0.3696898541250586,0.24875471361578033,-0.5121940996893629
1726398296547757000,11.433757080078125,-2.3333073667857915,0.06108010674565238,0.8933002913411716,0.08472216028816552,0.37047220130607994,0.2470507096656042,-0.5082370739469138
1726398296557805000,11.44380517578125,-2.332135214273602,0.060054304258926085,0.8935298897024645,0.08562697407028073,0.3711520040811714,0.2454466435515112,-0.5043133359236657
1726398296567854000,11.45385400390625,-2.3310722316444754,0.05883815202310742,0.8937914525411847,0.08689847366908102,0.37174235055820937,0.24389038753148704,-0.5003350586732236
1726398296577902000,11.463902099609374,-2.330019751422953,0.057515552778444154,0.8940714549866877,0.08832754731341155,0.3723211786771072,0.24229144702951308,-0.496192015591793
1726398296587951000,11.473951171875,-2.328871929121195,0.05624595639612899,0.8943444629649853,0.08956425757405252,0.3729815330366912,0.24056015887378365,-0.4918355928502527
1726398296598000000,11.484000244140624,-2.3275489792951416,0.05511989578228887,0.8945870273606222,0.09044147909850646,0.373776183634092,0.23867802646542355,-0.4872996197857733
1726398296608048000,11.494048095703125,-2.326035065171853,0.05415213037211315,0.8947920043018288,0.09094480396052176,0.3747104954876583,0.23665746573265636,-0.48261959892604434
1726398296618097200,11.50409716796875,-2.3244535442543373,0.05334915311801527,0.8949835105215822,0.0910140506621866,0.3757370717588729,0.23447815981886586,-0.4777684820938587
1726398296628145200,11.514145263671875,-2.3229952728760415,0.05258571300426295,0.8952146474587921,0.09082088581863468,0.3767575216770195,0.23211885335350824,-0.4726153767306414
1726398296638194200,11.524194091796875,-2.3218061102326137,0.051676522022183445,0.8955319350524447,0.09069220042567204,0.3776753005001295,0.22959430270357373,-0.46704749154460706
1726398296648242200,11.5342421875,-2.321090531876258,0.05051814496095725,0.8959887700601292,0.0907474731693683,0.378393467238663,0.22687094472496858,-0.46092761715666003
1726398296658291200,11.544291259765625,-2.320956379428731,0.04907544520192105,0.8966123118033694,0.09100215329825441,0.37886749415110227,0.2239139489080054,-0.4541673100953519
1726398296668340200,11.55434033203125,-2.3213261008085815,0.047290143548792726,0.8973990309181119,0.09155291251608677,0.3791289670652054,0.22068076114435478,-0.4466377233602268
1726398296678388200,11.56438818359375,-2.321969405397042,0.04520890910525818,0.8983101062292201,0.09229846292236205,0.37929998830296247,0.21708687632335033,-0.4382087511763738
1726398296688437200,11.574437255859374,-2.3226160597494463,0.04292636237901563,0.8992856101357278,0.09309449530022708,0.379516601802232,0.2130961601366473,-0.42887852170063634
1726398296698485200,11.5844853515625,-2.3230019917753997,0.04053892771867529,0.9002526397352728,0.09386576757599782,0.37989277248507863,0.2087661095419069,-0.4188228998544101
1726398296708534300,11.5945341796875,-2.3230422449949977,0.038221210528871334,0.9011533178025124,0.0944137034598703,0.3804615095379317,0.2042325571707491,-0.40843450483234683
1726398296718582300,11.604582275390625,-2.322766422723823,0.036142896831394856,0.9019493824356489,0.09456096659334971,0.38119627411593865,0.19967567231028402,-0.3981891200983543
1726398296728631300,11.61463134765625,-2.3222500141641365,0.03437320248761959,0.9026306406102326,0.09428003292023554,0.38204417145572805,0.19523987821522734,-0.3884162951814346
1726398296738679300,11.62467919921875,-2.3214910341503296,0.03286746640044945,0.9031974866664195,0.09369850961440353,0.3829886904547285,0.1909810049114407,-0.3791843309482491
1726398296748728300,11.634728271484375,-2.3204719252502213,0.03141959154194632,0.9036608425179475,0.09325164138073405,0.38399977821036196,0.18696040902561303,-0.37044237388921764
1726398296758777000,11.644777099609374,-2.319191526686375,0.029739665323241835,0.9040489807203734,0.09346663477258858,0.38504622498926094,0.18316781878411495,-0.36193833450665935
1726398296768825000,11.6548251953125,-2.3175992236359204,0.02772059889250096,0.9043840246799506,0.09438831403633442,0.38617670821579686,0.17941225431446356,-0.35322474047656865
1726398296778874000,11.6648740234375,-2.3157832769888094,0.025409301818403406,0.9046848744454862,0.09583785674736363,0.3873772016680239,0.17560905121245785,-0.3441829655256262
1726398296788922000,11.674922119140625,-2.314025155414141,0.02303520071282653,0.9049855380561057,0.097322054770424,0.3885565351155205,0.17173926210276347,-0.3349734043887625
1726398296798971100,11.68497119140625,-2.3125635307957637,0.020924991642841725,0.9053063207378997,0.09820252219789591,0.3896443641504632,0.16780894748957853,-0.3258810735541987
1726398296809019100,11.69501904296875,-2.3115996051749352,0.019300710479353313,0.9056531275470702,0.09820021035462069,0.3905396078423517,0.16400800087233738,-0.31744906474947227
1726398296819068200,11.705068115234376,-2.3110862279984783,0.018320932181731656,0.9059909517995071,0.09721363668038664,0.39124056069185303,0.16054758668698987,-0.3101958081846777
1726398296829116200,11.7151162109375,-2.3107586609673576,0.01801559406301747,0.906260481544765,0.09534797993209072,0.39184296165187127,0.15756418294825272,-0.30438547117077264
1726398296839165200,11.725165283203125,-2.31025654617653,0.01812819587321653,0.9064045073474863,0.09321561463088592,0.39246495272731136,0.15515647063282803,-0.2999771861952184
1726398296849214000,11.7352138671875,-2.3092900868069477,0.018407519424832132,0.9063918595648116,0.09127837672403422,0.3932211427613372,0.15327121385501175,-0.29665610210064053
1726398296859262200,11.74526220703125,-2.3078788077063583,0.018738504202093893,0.9062518139314919,0.08960527524472679,0.3941204801753509,0.15174152562159546,-0.2940204990911372
1726398296869311000,11.75531103515625,-2.306254066064154,0.019073115013864973,0.9060442417416674,0.08815374495666656,0.3950752429139382,0.15045167022848194,-0.29182690768580416
1726398296879359200,11.765359130859375,-2.304642115933779,0.019514041813178014,0.9058095190753027,0.08667704249359258,0.3960002354722633,0.14937236512730356,-0.2901134653538424
1726398296889408000,11.775407958984376,-2.3030201112021236,0.020216912602944205,0.9055256026318413,0.08496188552403465,0.39690902639403763,0.14858636708451467,-0.2891588209816561
1726398296899456300,11.785456298828125,-2.301192175421638,0.02120587624871397,0.9051436724249814,0.08306979750098092,0.3978775736555649,0.1481845653303331,-0.28914344163529754
1726398296909505300,11.79550537109375,-2.2990876148025077,0.02248982102584098,0.9046454729516946,0.08102149766420977,0.39893434703906216,0.14819622269710303,-0.2901270921556646
1726398296919554600,11.805554443359375,-2.2968327566556104,0.02402931149656276,0.9040547322726387,0.07889016987759959,0.4000170720428587,0.14864032168918634,-0.29211914801392647
1726398296929602300,11.815602294921876,-2.294588025736089,0.02569827512211288,0.9034152105355766,0.07684051399546518,0.40105095141717606,0.14946111458475023,-0.294920228831689
1726398296939651600,11.825651611328125,-2.2924974508450506,0.027380760975454405,0.9027812234103983,0.07490610481817597,0.40198973186565995,0.15046833494445755,-0.29808850246155383
1726398296949699300,11.83569921875,-2.2906335132784332,0.029032321445639653,0.9021923773769971,0.0729687416616424,0.40283071574508617,0.1514382529846653,-0.3011756008983213
1726398296959748600,11.84574853515625,-2.2890359687844164,0.030582912020480114,0.9016686357877284,0.07109928113798306,0.40355875180225853,0.1523111782167996,-0.3040138866671838
1726398296969796400,11.85579638671875,-2.287777452653626,0.03187991614478687,0.901218442287658,0.06972741768043375,0.4040975949591843,0.1532779773242712,-0.3068309057768522
1726398296979845600,11.865845703125,-2.2869164503942394,0.032954381487180794,0.9008328091772594,0.068945835245814,0.4043954754943624,0.15452717881905625,-0.3100009180381635
1726398296989893400,11.875893310546875,-2.2864089688445888,0.033877685477359046,0.9004890454915943,0.06869715405766806,0.4044657563642504,0.15613880499401778,-0.31372851134569557
1726398296999942400,11.8859423828125,-2.286126983592334,0.03466430289499056,0.9001596445091374,0.0689769193568061,0.40436405379382123,0.15811603704393973,-0.3180272520219633
1726398297009991400,11.895991455078125,-2.2859546390448173,0.03537708761960407,0.8998276790789096,0.06958933272839232,0.4041640772282448,0.16034319303204275,-0.32273209259181124
1726398297020039400,11.906039306640626,-2.285752261672841,0.036147650699479825,0.8994684646181692,0.07019399853203742,0.40396233344499827,0.16267821896095755,-0.3276853805543963
1726398297030088400,11.91608837890625,-2.2853409857161635,0.036930327053509175,0.8990596946201365,0.07083189952480219,0.40384558188505365,0.16503498950959808,-0.33268387045625075
1726398297040136400,11.926136474609375,-2.2847074623443837,0.03763988483810801,0.8986129589395556,0.07161483238114796,0.40381911213919164,0.16735607610990352,-0.33754972721506693
1726398297050185500,11.936185546875,-2.284013914838098,0.0382425501831869,0.8981648673895647,0.07257157608752514,0.40380934869713325,0.16963318404407735,-0.3422447843658397
1726398297060233500,11.9462333984375,-2.283452246647537,0.03869766617053706,0.8977552474067696,0.07376055522314193,0.4037242703245834,0.17188583923571726,-0.34677781751760384
1726398297070282500,11.956282470703124,-2.2831725061372596,0.03898493060157449,0.8974171748462527,0.07518307709635103,0.40349775963582885,0.17410388553991799,-0.35111851849933967
1726398297080330500,11.96633056640625,-2.2832426123184426,0.03910924075691738,0.8971630714092373,0.07682192024776717,0.40309961221616103,0.1762939783064564,-0.3552862301227901
1726398297090379500,11.976379638671874,-2.2837279548555327,0.03904538734673718,0.8970005249248245,0.07876574274931918,0.4024868081916132,0.17852128948808949,-0.35938424931359914
1726398297100428300,11.98642822265625,-2.284664183115734,0.038807811451283626,0.8969320314276167,0.08099815148739527,0.40164107591926457,0.18080779469626626,-0.36346845891098234
1726398297110476500,11.9964765625,-2.286007014588551,0.03856553946608795,0.8969414419448124,0.0831432728762371,0.40061608817484345,0.18307240875697905,-0.3675288523863979
1726398297120525300,12.006525390625,-2.287566430603462,0.038445026051051705,0.8969864000165763,0.0849503090872016,0.39952153517714756,0.18525636656432268,-0.3715543035784224
1726398297130573600,12.016573486328125,-2.2890731601803993,0.03842465934355314,0.8970097909102973,0.08655816451861705,0.3984618758003685,0.18741736677151785,-0.37562276934120037
1726398297140622300,12.026622314453125,-2.290355635105835,0.038457377492111734,0.8969743439544209,0.08814689054649597,0.39749233696647995,0.1896255846135153,-0.37981815947568764
1726398297150670600,12.036670654296875,-2.2912827161448375,0.03850152892347946,0.8968550889685426,0.08984912517099253,0.3966578414819956,0.19191453075801485,-0.38416261043603217
1726398297160719400,12.04671923828125,-2.2918124191404945,0.03853469949118007,0.8966483853824826,0.09170323724474691,0.39597550818999006,0.19426826237787934,-0.3886054803530715
1726398297170768400,12.056768310546875,-2.291979280245227,0.03855763893179382,0.8963683948214036,0.09365627709907061,0.3954405564105307,0.19663132599196376,-0.3930447014191986
1726398297180816400,12.06681640625,-2.2918479830114666,0.038576423515983546,0.8960366786331551,0.09562477382782975,0.3950395181251311,0.19893195431960944,-0.39735315866612814
1726398297190865400,12.076865478515625,-2.291542907598491,0.03860634457271736,0.8956830914687613,0.0975111892914896,0.3947319385138629,0.2011169480097583,-0.4014488517473894
1726398297200913400,12.086913330078126,-2.2911234697236886,0.03867391769978105,0.8953201207210972,0.09923351119096963,0.39450166967815126,0.20316154275222148,-0.40530936995385797
1726398297210962200,12.096962158203125,-2.2906247943186986,0.03876893229520059,0.8949500480205146,0.10084122142210954,0.3943241405248649,0.2051093727973636,-0.409009078709517
1726398297221010400,12.107010498046876,-2.290140917876972,0.03890813224964287,0.894584638111462,0.10231230621293495,0.3941549474545973,0.20699353247457014,-0.412627991339564
1726398297231059200,12.11705908203125,-2.289725179084038,0.0391523767131545,0.8942219686237236,0.10355824110414981,0.3939716103216262,0.20885546910803787,-0.4162966178569093
1726398297241107500,12.127107421875,-2.289312233441491,0.03950627541348243,0.8938419400286158,0.1046268783352154,0.3937925002231685,0.21074492225122224,-0.4201088608173222
1726398297251156200,12.13715625,-2.2887740761017863,0.039927918202318724,0.8934184349161495,0.10566074061415139,0.39365723384670626,0.2127048415804014,-0.4241043898959635
1726398297261205500,12.14720556640625,-2.288026756204869,0.04033220750464066,0.892939974320181,0.10686424764289398,0.3935820385961411,0.2147665763838463,-0.4282674921712531
1726398297271253200,12.157253173828124,-2.2870153141496363,0.04064276157284143,0.8924125444885009,0.10834447130636385,0.39359066577762963,0.2168742659636136,-0.4324272443224392
1726398297281302500,12.167302490234375,-2.28584030720578,0.0408968236081542,0.8918691672997155,0.10990354582696883,0.39367236232964414,0.21890383005326172,-0.43638614730550057
1726398297291350300,12.177350341796876,-2.284636233191411,0.04115346582786038,0.8913386815052713,0.11134543609984575,0.393793794531313,0.22079019846702,-0.4400775725905439
1726398297301399600,12.187399658203125,-2.283468605328765,0.04143305961578819,0.8908348192849892,0.11259697795718161,0.39393620579078054,0.2225107590746314,-0.4434791286537017
1726398297311447300,12.197447265625,-2.2823793265186807,0.04178416206803518,0.8903570542793379,0.11357713729282487,0.3940850808122754,0.22408795111086682,-0.44667550700814646
1726398297321496600,12.20749658203125,-2.281453656148008,0.042316147357298266,0.8898962091280384,0.11413862206676625,0.3942017350529475,0.22560839339812722,-0.44992533996065487
1726398297331544300,12.21754443359375,-2.280736077542785,0.04303943014079584,0.8894300932537436,0.11441914549355545,0.3942249218395866,0.22726298461947356,-0.4535990978382088
1726398297341593600,12.227593505859375,-2.2802314341893095,0.04387950498598115,0.8889420890623428,0.11469970533421854,0.394102703625664,0.22921526349108398,-0.45794329476349566
1726398297351642400,12.237642333984375,-2.2797893271551577,0.044737933329910995,0.8884143707459503,0.1151949440176231,0.3938832229522409,0.2314617018420455,-0.46286206661934653
1726398297361690600,12.247690673828124,-2.279180338114579,0.04549029869110708,0.8878413434838859,0.11605586164346388,0.3936786959241967,0.2338494809336229,-0.4679522157458524
1726398297371739400,12.257739501953125,-2.27835085461221,0.04605214070992762,0.8872505164776885,0.11730033052214695,0.3935387771179502,0.2362049889887974,-0.4728131475892577
1726398297381787400,12.267787353515626,-2.277420845755843,0.04643790376781085,0.8866814809077829,0.11877503841962365,0.39344260544726695,0.23841662630535895,-0.47725260936172864
1726398297391836400,12.27783642578125,-2.276539157991191,0.04668616851976972,0.8861583533955505,0.12037002439968052,0.39333427788356634,0.2404825858084929,-0.4813067316373227
1726398297401884400,12.287884521484376,-2.275783115129462,0.04688848657831222,0.8856868973527494,0.12188536235100869,0.39320010676695655,0.24239203540182344,-0.4850357829318227
1726398297411933400,12.297933349609375,-2.27524560609591,0.04715194321293834,0.8852697987309959,0.1231058807320907,0.39301729363693433,0.24415477810080582,-0.4885531138030374
1726398297421982500,12.307982421875,-2.2749891780121745,0.04739375823827914,0.8849151863142195,0.124245309064844,0.39272563083673057,0.24585681662094494,-0.4919554539742872
1726398297432030500,12.318030517578125,-2.2749191994589424,0.0474741250876654,0.8846141800813546,0.1256360382540691,0.39232775838520684,0.24755364277821487,-0.4952251448113113
1726398297442079200,12.328079345703125,-2.2748112953987727,0.047229400235779075,0.8843399279886581,0.12767452004125784,0.3918794007628958,0.24928448967141326,-0.4982862900860238
1726398297452127500,12.33812744140625,-2.274479941964115,0.046513064161183795,0.8840765833800523,0.13068363967337462,0.39143126308854814,0.25105131930453023,-0.5010087092061454
1726398297462176300,12.34817626953125,-2.2738909293193994,0.04525634402361795,0.8838346794211835,0.13475419676157416,0.3909982216583313,0.25280141357604935,-0.503232269629821
1726398297472224500,12.358224609375,-2.2732303840069665,0.04348146167044427,0.8836539467996141,0.13974392725277718,0.39052192481120873,0.25447519734779744,-0.5048737585887032
1726398297482273300,12.368273193359375,-2.2727171852422066,0.041285577696954234,0.8835598245304183,0.14541623196161368,0.38992767803611184,0.2560740004788911,-0.5060317875408745
1726398297492321500,12.378321533203126,-2.2724904287487595,0.03884614500244448,0.8835428857324138,0.15146191226120528,0.3891699805049134,0.25766179860382205,-0.5069876284127827
1726398297502370300,12.388370361328125,-2.2725839496883573,0.03642118409853095,0.8835608273041881,0.1574806387729969,0.3882503761430581,0.25933671454674223,-0.5081485874040699
1726398297512419600,12.398419677734376,-2.2728899661876154,0.03414956774626627,0.8835676096571133,0.16329627287545323,0.38721835661312604,0.2611588245451541,-0.509739219677754
1726398297522467300,12.40846728515625,-2.273347603262582,0.032169498787699605,0.8835468489078817,0.16861776019584124,0.38613748648276613,0.26307377694894407,-0.5117682485697289
1726398297532516400,12.418516357421876,-2.274004524047187,0.030583831929333036,0.8835185817917567,0.17312599491676367,0.3850421062215318,0.26495660696496937,-0.5140872650138907
1726398297542564400,12.428564453125,-2.2747846244570953,0.029449829877224398,0.8834884067702636,0.17660557998055515,0.3840165019235124,0.2666687483953923,-0.516472633374641
1726398297552613400,12.43861328125,-2.275410100757453,0.028857498853528025,0.8834272230035084,0.17880734722480168,0.38324406660605354,0.2680439557915635,-0.5186562820883612
1726398297562661400,12.448661376953124,-2.275710227481751,0.029463964458832724,0.8833157949343521,0.1781225710377009,0.3830529711757867,0.2686176847860539,-0.5202775775238789
1726398297572710400,12.45871044921875,-2.2754084652111177,0.03098227701044662,0.8830896428554187,0.17539647865193134,0.38343302743783336,0.2686483384010506,-0.5215681384336256
1726398297582758400,12.46875830078125,-2.27426291473456,0.03262351022849039,0.8826924490703719,0.1726781819961945,0.38417919260920386,0.26869335093433455,-0.5229219433632363
1726398297592807200,12.47880712890625,-2.272122473566975,0.03411637537797262,0.8820967875888416,0.17067467685519028,0.3852540741881262,0.2689251003449141,-0.5244336862187866
1726398297602856400,12.4888564453125,-2.269002766183095,0.03565181260477376,0.8813344687366269,0.1687558532569636,0.38677127961098035,0.2690474154032887,-0.5257012805212622
1726398297612904200,12.498904296875,-2.2654900502485167,0.03752813077406907,0.8805272129860793,0.16592886404194054,0.38863061577325536,0.2687559282696833,-0.5264451203644147
1726398297622953500,12.508953369140626,-2.262243097061371,0.03960394510179116,0.8798055011492534,0.16229479875640024,0.39052992617446414,0.2680675084084845,-0.526635520423044
1726398297633001200,12.519001220703124,-2.2595767030440133,0.04157489875426475,0.8792374383808695,0.15847261876009727,0.3922419071188466,0.26713158019134003,-0.5263248717615328
1726398297643050500,12.529050537109375,-2.2575749928092725,0.043361545961320365,0.8788260016664903,0.15471657762232924,0.3936769880654928,0.26608835472330544,-0.5257150372775495
1726398297653098200,12.53909814453125,-2.25617457615658,0.045052052160496,0.8785154506932689,0.15106927983920235,0.39481711953253545,0.26514230931039384,-0.5252598863772686
1726398297663147500,12.5491474609375,-2.2552322458565506,0.04676067136906495,0.8782277438585634,0.1475643028877584,0.39567683282549354,0.2645171767192571,-0.5254667908365941
1726398297673196300,12.5591962890625,-2.2545221944819493,0.04856195149958788,0.8778882188431343,0.14425183557867682,0.3963237869281795,0.2643513683565136,-0.5266434188522799
1726398297683244500,12.56924462890625,-2.2538946839028213,0.050456110920624644,0.8774689524112954,0.14116684583447645,0.3968221653434895,0.26464040175104286,-0.5287699677981228
1726398297693293300,12.579293212890626,-2.253292276057843,0.05243136533031003,0.876985554117422,0.13820774515540635,0.3972379488423953,0.26523452260777436,-0.5315489109814961
1726398297703341600,12.589341552734375,-2.2526656267132803,0.05445824372147981,0.8764581534951928,0.13530024672172,0.3976303802828651,0.2659803962844421,-0.5346615802075787
1726398297713390300,12.599390380859376,-2.251974622704833,0.05640630137466686,0.8759085451404285,0.1326382551418879,0.39801177140647165,0.26681335943589,-0.537871210501324
1726398297723438600,12.6094384765625,-2.2511482491017816,0.05812439286032136,0.875354509393787,0.13047845288554474,0.3983977484857754,0.2676852484694907,-0.5409519253102546
1726398297733487400,12.6194873046875,-2.2501578825495887,0.05960202845126948,0.8748083504312822,0.12877372245523355,0.3988206867023552,0.2685147123031618,-0.5437384225172938
1726398297743535600,12.62953564453125,-2.2490669974926005,0.06090517457778342,0.8742880183701415,0.12730751565321174,0.3992893276838611,0.26921940521135035,-0.5461348211264322
1726398297753584400,12.63958447265625,-2.2478995316997286,0.06210759558143665,0.8737937049444245,0.12590558712087577,0.399816151103195,0.2697668569273375,-0.548144419855961
1726398297763633400,12.64963330078125,-2.2465958621103863,0.06320029786224067,0.8733110600596243,0.1246298270125712,0.4004147539136255,0.27018768873693955,-0.5498137734451042
1726398297773681400,12.659681396484375,-2.2451774362946875,0.06416833387080538,0.8728342680370527,0.12356905062545913,0.40105306603137686,0.27055360816101504,-0.5512667387966567
1726398297783730400,12.66973046875,-2.243758331520161,0.06501647523293108,0.8723758806812317,0.12272511301289185,0.4016721617011364,0.27091071062964395,-0.5526006254272074
1726398297793778400,12.6797783203125,-2.242382613356724,0.0657420738238124,0.8719464025302209,0.12208336664299414,0.40225622763013696,0.27125144073759916,-0.5538008377931786
1726398297803827500,12.689827392578126,-2.2410484294133126,0.06636923948860653,0.8715502554196053,0.12155568363437452,0.40282361435868247,0.2715295376221832,-0.5548001882642796
1726398297813875500,12.69987548828125,-2.2397446460932184,0.06697702187928659,0.8711908705083802,0.12090421974166196,0.4034220111691402,0.27164543300513244,-0.5554786589042062
1726398297823924200,12.70992431640625,-2.2383708677608136,0.06764149206318848,0.8708514844423566,0.11994015402441355,0.40412830092800905,0.27151928270949294,-0.5557465227470754
1726398297833972500,12.719972412109374,-2.2369439261897557,0.06842777954055604,0.8705206490675189,0.11855698276783552,0.4049409290656142,0.2711722801604599,-0.5557028893003689
1726398297844021200,12.730021240234375,-2.2355289444432116,0.06929992410610711,0.8701806155273506,0.1169899805957779,0.4057694876697147,0.27080306902895135,-0.5556960573923168
1726398297854070500,12.740070556640624,-2.2340714941234507,0.07015490906217511,0.8698008835347345,0.11564405661096035,0.4065573960157467,0.27062112271486,-0.5560283041163961
1726398297864118300,12.7501181640625,-2.2324292878460312,0.07096670590246337,0.8693515544588036,0.11464895008794077,0.40734474747539723,0.2706691439606513,-0.5567491678805543
1726398297874167600,12.76016748046875,-2.2304622497493223,0.07177785569531292,0.8688106445982922,0.11390612664172949,0.40821345208934323,0.27088309825309237,-0.5577677736740005
1726398297884215300,12.77021533203125,-2.228131351513505,0.07259021740375057,0.8681793849813059,0.11337579392899394,0.4091939281345995,0.2712113624421159,-0.5589864385423878
1726398297894264600,12.7802646484375,-2.2255655198102384,0.07339019340147789,0.8674887899655613,0.1130211597543862,0.4102393596073641,0.27162623270023706,-0.5603474158830605
1726398297904313000,12.79031298828125,-2.222886541120592,0.074188913862587,0.8667689561592603,0.11273849389800708,0.41131771939315853,0.27207611309547797,-0.5617696221114696
1726398297914361900,12.80036181640625,-2.220172799647162,0.07495461456990504,0.8660552733944206,0.1124811721405927,0.4124172774974965,0.27247395497557053,-0.5630645642990172
1726398297924410000,12.81041015625,-2.217609135882729,0.07571531241459495,0.8653921635776787,0.11206664336339266,0.4134930309216342,0.27273974728665884,-0.5641162336484669
1726398297934459000,12.820458984375,-2.215354362296149,0.07650546173929233,0.864809750059635,0.11135340598764701,0.41449801480131443,0.27284161946157753,-0.5649042089069856
1726398297944508200,12.830508056640625,-2.213390472549571,0.07727462850970022,0.8642965710208336,0.11053057677240824,0.4154025697703218,0.2728751698716164,-0.5655618999982736
1726398297954556000,12.840555908203125,-2.211609732380888,0.0780189849153441,0.8638173488350566,0.1097234579899458,0.4162227928431069,0.27293105657033245,-0.5662506988849637
1726398297964605200,12.850605224609374,-2.209884243672247,0.07890568534892174,0.8633306529918724,0.10859222063611693,0.4170590786688165,0.2729393697573247,-0.5669841050089829
1726398297974653000,12.86065283203125,-2.2082689708730623,0.08011558062530562,0.8628287475533187,0.10670740449745889,0.41794513686519724,0.27281844088924506,-0.5677768231431931
1726398297984702200,12.8707021484375,-2.206863421177624,0.08166202305805798,0.8623277988536773,0.1040102481358679,0.4188454020653506,0.27256311325828064,-0.5686381724733263
1726398297994750000,12.88075,-2.2056886016084305,0.0834536722666479,0.8618450419274988,0.1006708336433936,0.4197329188071855,0.27218145286350726,-0.5695023123494343
1726398298004799000,12.890799072265626,-2.2046857711353005,0.08536265572424138,0.86138872762634,0.09695723976130224,0.42060442160771355,0.27168859662535494,-0.5702788715661389
